天道輝,桜庭薫,柏木翼,理由あってアイドル,,
天道輝,桜庭薫,硲道夫,理由あってアイドル,大人の魅力,
天道輝,柏木翼,硲道夫,理由あってアイドル,,
桜庭薫,柏木翼,硲道夫,理由あってアイドル,,
天海春香,天道輝,桜庭薫,境界を超える絆,,
如月千早,天道輝,桜庭薫,境界を超える絆,,
星井美希,天道輝,桜庭薫,境界を超える絆,,
水瀬伊織,天道輝,桜庭薫,境界を超える絆,,
島村卯月,天道輝,桜庭薫,境界を超える絆,,
渋谷凛,天道輝,桜庭薫,境界を超える絆,,
本田未央,天道輝,桜庭薫,境界を超える絆,,
神崎蘭子,天道輝,桜庭薫,境界を超える絆,,
春日未来,天道輝,桜庭薫,境界を超える絆,,
最上静香,天道輝,桜庭薫,境界を超える絆,,
伊吹翼,天道輝,桜庭薫,境界を超える絆,,
真壁瑞希,天道輝,桜庭薫,境界を超える絆,,
天道輝,桜庭薫,櫻木真乃,境界を超える絆,,
天道輝,桜庭薫,風野灯織,境界を超える絆,,
天道輝,桜庭薫,八宮めぐる,境界を超える絆,,
天道輝,桜庭薫,小宮果穂,境界を超える絆,,
天道輝,桜庭薫,花海咲季,境界を超える絆,,
天道輝,桜庭薫,月村手毬,境界を超える絆,,
天道輝,桜庭薫,藤田ことね,境界を超える絆,,
天道輝,桜庭薫,紫雲清夏,境界を超える絆,,
天海春香,天道輝,柏木翼,美味しいものは正義！,,
如月千早,天道輝,柏木翼,境界を超える絆,,
星井美希,天道輝,柏木翼,境界を超える絆,,
水瀬伊織,天道輝,柏木翼,美味しいものは正義！,,
島村卯月,天道輝,柏木翼,境界を超える絆,,
渋谷凛,天道輝,柏木翼,境界を超える絆,,
本田未央,天道輝,柏木翼,境界を超える絆,,
神崎蘭子,天道輝,柏木翼,境界を超える絆,,
春日未来,天道輝,柏木翼,境界を超える絆,,
最上静香,天道輝,柏木翼,境界を超える絆,,
伊吹翼,天道輝,柏木翼,境界を超える絆,,
真壁瑞希,天道輝,柏木翼,境界を超える絆,,
天道輝,柏木翼,櫻木真乃,境界を超える絆,,
天道輝,柏木翼,風野灯織,境界を超える絆,,
天道輝,柏木翼,八宮めぐる,境界を超える絆,,
天道輝,柏木翼,小宮果穂,境界を超える絆,,
天道輝,柏木翼,花海咲季,境界を超える絆,,
天道輝,柏木翼,月村手毬,美味しいものは正義！,,
天道輝,柏木翼,藤田ことね,境界を超える絆,,
天道輝,柏木翼,紫雲清夏,境界を超える絆,,
天海春香,天道輝,硲道夫,Autumn Constellations,,
如月千早,天道輝,硲道夫,Autumn Constellations,,
星井美希,天道輝,硲道夫,境界を超える絆,,
水瀬伊織,天道輝,硲道夫,境界を超える絆,,
島村卯月,天道輝,硲道夫,境界を超える絆,,
渋谷凛,天道輝,硲道夫,境界を超える絆,,
本田未央,天道輝,硲道夫,境界を超える絆,,
神崎蘭子,天道輝,硲道夫,Autumn Constellations,,
春日未来,天道輝,硲道夫,境界を超える絆,,
最上静香,天道輝,硲道夫,境界を超える絆,,
伊吹翼,天道輝,硲道夫,境界を超える絆,,
真壁瑞希,天道輝,硲道夫,Autumn Constellations,,
天道輝,硲道夫,櫻木真乃,境界を超える絆,,
天道輝,硲道夫,風野灯織,Autumn Constellations,,
天道輝,硲道夫,八宮めぐる,境界を超える絆,,
天道輝,硲道夫,小宮果穂,境界を超える絆,,
天道輝,硲道夫,花海咲季,Autumn Constellations,,
天道輝,硲道夫,月村手毬,境界を超える絆,,
天道輝,硲道夫,藤田ことね,境界を超える絆,,
天道輝,硲道夫,紫雲清夏,境界を超える絆,,
天海春香,桜庭薫,柏木翼,境界を超える絆,,
如月千早,桜庭薫,柏木翼,境界を超える絆,,
星井美希,桜庭薫,柏木翼,境界を超える絆,,
水瀬伊織,桜庭薫,柏木翼,境界を超える絆,,
島村卯月,桜庭薫,柏木翼,境界を超える絆,,
渋谷凛,桜庭薫,柏木翼,境界を超える絆,,
本田未央,桜庭薫,柏木翼,境界を超える絆,,
神崎蘭子,桜庭薫,柏木翼,百花繚乱,,
春日未来,桜庭薫,柏木翼,境界を超える絆,,
最上静香,桜庭薫,柏木翼,境界を超える絆,,
伊吹翼,桜庭薫,柏木翼,境界を超える絆,,
真壁瑞希,桜庭薫,柏木翼,境界を超える絆,,
桜庭薫,柏木翼,櫻木真乃,百花繚乱,,
桜庭薫,柏木翼,風野灯織,境界を超える絆,,
桜庭薫,柏木翼,八宮めぐる,境界を超える絆,,
桜庭薫,柏木翼,小宮果穂,境界を超える絆,,
桜庭薫,柏木翼,花海咲季,百花繚乱,,
桜庭薫,柏木翼,月村手毬,境界を超える絆,,
桜庭薫,柏木翼,藤田ことね,百花繚乱,,
桜庭薫,柏木翼,紫雲清夏,境界を超える絆,,
天海春香,桜庭薫,硲道夫,境界を超える絆,,
如月千早,桜庭薫,硲道夫,境界を超える絆,,
星井美希,桜庭薫,硲道夫,境界を超える絆,,
水瀬伊織,桜庭薫,硲道夫,境界を超える絆,,
島村卯月,桜庭薫,硲道夫,境界を超える絆,,
渋谷凛,桜庭薫,硲道夫,境界を超える絆,,
本田未央,桜庭薫,硲道夫,境界を超える絆,,
神崎蘭子,桜庭薫,硲道夫,境界を超える絆,,
春日未来,桜庭薫,硲道夫,境界を超える絆,,
最上静香,桜庭薫,硲道夫,境界を超える絆,,
伊吹翼,桜庭薫,硲道夫,境界を超える絆,,
真壁瑞希,桜庭薫,硲道夫,境界を超える絆,,
桜庭薫,硲道夫,櫻木真乃,境界を超える絆,,
桜庭薫,硲道夫,風野灯織,境界を超える絆,,
桜庭薫,硲道夫,八宮めぐる,境界を超える絆,,
桜庭薫,硲道夫,小宮果穂,境界を超える絆,,
桜庭薫,硲道夫,花海咲季,境界を超える絆,,
桜庭薫,硲道夫,月村手毬,境界を超える絆,,
桜庭薫,硲道夫,藤田ことね,境界を超える絆,,
桜庭薫,硲道夫,紫雲清夏,境界を超える絆,,
天海春香,柏木翼,硲道夫,境界を超える絆,,
如月千早,柏木翼,硲道夫,境界を超える絆,,
星井美希,柏木翼,硲道夫,境界を超える絆,,
水瀬伊織,柏木翼,硲道夫,境界を超える絆,,
島村卯月,柏木翼,硲道夫,境界を超える絆,,
渋谷凛,柏木翼,硲道夫,境界を超える絆,,
本田未央,柏木翼,硲道夫,境界を超える絆,,
神崎蘭子,柏木翼,硲道夫,境界を超える絆,,
春日未来,柏木翼,硲道夫,境界を超える絆,,
最上静香,柏木翼,硲道夫,境界を超える絆,,
伊吹翼,柏木翼,硲道夫,左の手に宿る才,,
真壁瑞希,柏木翼,硲道夫,境界を超える絆,,
柏木翼,硲道夫,櫻木真乃,境界を超える絆,,
柏木翼,硲道夫,風野灯織,境界を超える絆,,
柏木翼,硲道夫,八宮めぐる,境界を超える絆,,
柏木翼,硲道夫,小宮果穂,境界を超える絆,,
柏木翼,硲道夫,花海咲季,左の手に宿る才,,
柏木翼,硲道夫,月村手毬,境界を超える絆,,
柏木翼,硲道夫,藤田ことね,境界を超える絆,,
柏木翼,硲道夫,紫雲清夏,左の手に宿る才,,
天海春香,如月千早,天道輝,Autumn Constellations,,
天海春香,星井美希,天道輝,境界を超える絆,,
天海春香,水瀬伊織,天道輝,美味しいものは正義！,,
如月千早,星井美希,天道輝,境界を超える絆,,
如月千早,水瀬伊織,天道輝,境界を超える絆,,
星井美希,水瀬伊織,天道輝,境界を超える絆,,
天海春香,島村卯月,天道輝,Brilliant World,,
天海春香,渋谷凛,天道輝,境界を超える絆,,
天海春香,本田未央,天道輝,境界を超える絆,,
天海春香,神崎蘭子,天道輝,Autumn Constellations,,
天海春香,春日未来,天道輝,Brilliant World,,
天海春香,最上静香,天道輝,境界を超える絆,,
天海春香,伊吹翼,天道輝,境界を超える絆,,
天海春香,真壁瑞希,天道輝,Autumn Constellations,,
天海春香,天道輝,櫻木真乃,Brilliant World,,
天海春香,天道輝,風野灯織,Autumn Constellations,,
天海春香,天道輝,八宮めぐる,境界を超える絆,,
天海春香,天道輝,小宮果穂,境界を超える絆,,
天海春香,天道輝,花海咲季,Brilliant World,Autumn Constellations,
天海春香,天道輝,月村手毬,美味しいものは正義！,,
天海春香,天道輝,藤田ことね,境界を超える絆,,
天海春香,天道輝,紫雲清夏,境界を超える絆,,
如月千早,島村卯月,天道輝,境界を超える絆,,
如月千早,渋谷凛,天道輝,境界を超える絆,,
如月千早,本田未央,天道輝,境界を超える絆,,
如月千早,神崎蘭子,天道輝,Autumn Constellations,,
如月千早,春日未来,天道輝,境界を超える絆,,
如月千早,最上静香,天道輝,境界を超える絆,,
如月千早,伊吹翼,天道輝,境界を超える絆,,
如月千早,真壁瑞希,天道輝,Autumn Constellations,,
如月千早,天道輝,櫻木真乃,境界を超える絆,,
如月千早,天道輝,風野灯織,Autumn Constellations,,
如月千早,天道輝,八宮めぐる,境界を超える絆,,
如月千早,天道輝,小宮果穂,境界を超える絆,,
如月千早,天道輝,花海咲季,Autumn Constellations,,
如月千早,天道輝,月村手毬,境界を超える絆,,
如月千早,天道輝,藤田ことね,境界を超える絆,,
如月千早,天道輝,紫雲清夏,境界を超える絆,,
星井美希,島村卯月,天道輝,境界を超える絆,,
星井美希,渋谷凛,天道輝,BLOOD TYPE B,,
星井美希,本田未央,天道輝,BLOOD TYPE B,,
星井美希,神崎蘭子,天道輝,境界を超える絆,,
星井美希,春日未来,天道輝,境界を超える絆,,
星井美希,最上静香,天道輝,境界を超える絆,,
星井美希,伊吹翼,天道輝,BLOOD TYPE B,,
星井美希,真壁瑞希,天道輝,BLOOD TYPE B,,
星井美希,天道輝,櫻木真乃,境界を超える絆,,
星井美希,天道輝,風野灯織,境界を超える絆,,
星井美希,天道輝,八宮めぐる,境界を超える絆,,
星井美希,天道輝,小宮果穂,境界を超える絆,,
星井美希,天道輝,花海咲季,境界を超える絆,,
星井美希,天道輝,月村手毬,境界を超える絆,,
星井美希,天道輝,藤田ことね,境界を超える絆,,
星井美希,天道輝,紫雲清夏,境界を超える絆,,
水瀬伊織,島村卯月,天道輝,境界を超える絆,,
水瀬伊織,渋谷凛,天道輝,境界を超える絆,,
水瀬伊織,本田未央,天道輝,境界を超える絆,,
水瀬伊織,神崎蘭子,天道輝,境界を超える絆,,
水瀬伊織,春日未来,天道輝,境界を超える絆,,
水瀬伊織,最上静香,天道輝,境界を超える絆,,
水瀬伊織,伊吹翼,天道輝,境界を超える絆,,
水瀬伊織,真壁瑞希,天道輝,境界を超える絆,,
水瀬伊織,天道輝,櫻木真乃,境界を超える絆,,
水瀬伊織,天道輝,風野灯織,境界を超える絆,,
水瀬伊織,天道輝,八宮めぐる,境界を超える絆,,
水瀬伊織,天道輝,小宮果穂,境界を超える絆,,
水瀬伊織,天道輝,花海咲季,境界を超える絆,,
水瀬伊織,天道輝,月村手毬,美味しいものは正義！,,
水瀬伊織,天道輝,藤田ことね,境界を超える絆,,
水瀬伊織,天道輝,紫雲清夏,境界を超える絆,,
島村卯月,渋谷凛,天道輝,境界を超える絆,,
島村卯月,本田未央,天道輝,境界を超える絆,,
島村卯月,神崎蘭子,天道輝,境界を超える絆,,
渋谷凛,本田未央,天道輝,BLOOD TYPE B,,
渋谷凛,神崎蘭子,天道輝,境界を超える絆,,
本田未央,神崎蘭子,天道輝,境界を超える絆,,
島村卯月,春日未来,天道輝,Brilliant World,,
島村卯月,最上静香,天道輝,境界を超える絆,,
島村卯月,伊吹翼,天道輝,境界を超える絆,,
島村卯月,真壁瑞希,天道輝,境界を超える絆,,
島村卯月,天道輝,櫻木真乃,Brilliant World,,
島村卯月,天道輝,風野灯織,境界を超える絆,,
島村卯月,天道輝,八宮めぐる,境界を超える絆,,
島村卯月,天道輝,小宮果穂,境界を超える絆,,
島村卯月,天道輝,花海咲季,Brilliant World,,
島村卯月,天道輝,月村手毬,境界を超える絆,,
島村卯月,天道輝,藤田ことね,境界を超える絆,,
島村卯月,天道輝,紫雲清夏,境界を超える絆,,
渋谷凛,春日未来,天道輝,境界を超える絆,,
渋谷凛,最上静香,天道輝,境界を超える絆,,
渋谷凛,伊吹翼,天道輝,BLOOD TYPE B,,
渋谷凛,真壁瑞希,天道輝,BLOOD TYPE B,,
渋谷凛,天道輝,櫻木真乃,境界を超える絆,,
渋谷凛,天道輝,風野灯織,境界を超える絆,,
渋谷凛,天道輝,八宮めぐる,境界を超える絆,,
渋谷凛,天道輝,小宮果穂,境界を超える絆,,
渋谷凛,天道輝,花海咲季,境界を超える絆,,
渋谷凛,天道輝,月村手毬,境界を超える絆,,
渋谷凛,天道輝,藤田ことね,境界を超える絆,,
渋谷凛,天道輝,紫雲清夏,境界を超える絆,,
本田未央,春日未来,天道輝,境界を超える絆,,
本田未央,最上静香,天道輝,境界を超える絆,,
本田未央,伊吹翼,天道輝,BLOOD TYPE B,,
本田未央,真壁瑞希,天道輝,BLOOD TYPE B,,
本田未央,天道輝,櫻木真乃,境界を超える絆,,
本田未央,天道輝,風野灯織,境界を超える絆,,
本田未央,天道輝,八宮めぐる,境界を超える絆,,
本田未央,天道輝,小宮果穂,境界を超える絆,,
本田未央,天道輝,花海咲季,境界を超える絆,,
本田未央,天道輝,月村手毬,境界を超える絆,,
本田未央,天道輝,藤田ことね,境界を超える絆,,
本田未央,天道輝,紫雲清夏,境界を超える絆,,
神崎蘭子,春日未来,天道輝,境界を超える絆,,
神崎蘭子,最上静香,天道輝,境界を超える絆,,
神崎蘭子,伊吹翼,天道輝,境界を超える絆,,
神崎蘭子,真壁瑞希,天道輝,Autumn Constellations,,
神崎蘭子,天道輝,櫻木真乃,境界を超える絆,,
神崎蘭子,天道輝,風野灯織,Autumn Constellations,,
神崎蘭子,天道輝,八宮めぐる,境界を超える絆,,
神崎蘭子,天道輝,小宮果穂,境界を超える絆,,
神崎蘭子,天道輝,花海咲季,Autumn Constellations,,
神崎蘭子,天道輝,月村手毬,境界を超える絆,,
神崎蘭子,天道輝,藤田ことね,境界を超える絆,,
神崎蘭子,天道輝,紫雲清夏,境界を超える絆,,
春日未来,最上静香,天道輝,境界を超える絆,,
春日未来,伊吹翼,天道輝,境界を超える絆,,
春日未来,真壁瑞希,天道輝,境界を超える絆,,
最上静香,伊吹翼,天道輝,境界を超える絆,,
最上静香,真壁瑞希,天道輝,境界を超える絆,,
伊吹翼,真壁瑞希,天道輝,BLOOD TYPE B,,
春日未来,天道輝,櫻木真乃,Brilliant World,,
春日未来,天道輝,風野灯織,境界を超える絆,,
春日未来,天道輝,八宮めぐる,境界を超える絆,,
春日未来,天道輝,小宮果穂,境界を超える絆,,
春日未来,天道輝,花海咲季,Brilliant World,,
春日未来,天道輝,月村手毬,境界を超える絆,,
春日未来,天道輝,藤田ことね,境界を超える絆,,
春日未来,天道輝,紫雲清夏,境界を超える絆,,
最上静香,天道輝,櫻木真乃,境界を超える絆,,
最上静香,天道輝,風野灯織,境界を超える絆,,
最上静香,天道輝,八宮めぐる,境界を超える絆,,
最上静香,天道輝,小宮果穂,境界を超える絆,,
最上静香,天道輝,花海咲季,境界を超える絆,,
最上静香,天道輝,月村手毬,境界を超える絆,,
最上静香,天道輝,藤田ことね,境界を超える絆,,
最上静香,天道輝,紫雲清夏,境界を超える絆,,
伊吹翼,天道輝,櫻木真乃,境界を超える絆,,
伊吹翼,天道輝,風野灯織,境界を超える絆,,
伊吹翼,天道輝,八宮めぐる,境界を超える絆,,
伊吹翼,天道輝,小宮果穂,境界を超える絆,,
伊吹翼,天道輝,花海咲季,境界を超える絆,,
伊吹翼,天道輝,月村手毬,境界を超える絆,,
伊吹翼,天道輝,藤田ことね,境界を超える絆,,
伊吹翼,天道輝,紫雲清夏,境界を超える絆,,
真壁瑞希,天道輝,櫻木真乃,境界を超える絆,,
真壁瑞希,天道輝,風野灯織,Autumn Constellations,,
真壁瑞希,天道輝,八宮めぐる,境界を超える絆,,
真壁瑞希,天道輝,小宮果穂,境界を超える絆,,
真壁瑞希,天道輝,花海咲季,Autumn Constellations,,
真壁瑞希,天道輝,月村手毬,境界を超える絆,,
真壁瑞希,天道輝,藤田ことね,境界を超える絆,,
真壁瑞希,天道輝,紫雲清夏,境界を超える絆,,
天道輝,櫻木真乃,風野灯織,境界を超える絆,,
天道輝,櫻木真乃,八宮めぐる,境界を超える絆,,
天道輝,櫻木真乃,小宮果穂,境界を超える絆,,
天道輝,風野灯織,八宮めぐる,境界を超える絆,,
天道輝,風野灯織,小宮果穂,境界を超える絆,,
天道輝,八宮めぐる,小宮果穂,境界を超える絆,,
天道輝,櫻木真乃,花海咲季,Brilliant World,,
天道輝,櫻木真乃,月村手毬,境界を超える絆,,
天道輝,櫻木真乃,藤田ことね,境界を超える絆,,
天道輝,櫻木真乃,紫雲清夏,境界を超える絆,,
天道輝,風野灯織,花海咲季,Autumn Constellations,,
天道輝,風野灯織,月村手毬,境界を超える絆,,
天道輝,風野灯織,藤田ことね,境界を超える絆,,
天道輝,風野灯織,紫雲清夏,境界を超える絆,,
天道輝,八宮めぐる,花海咲季,境界を超える絆,,
天道輝,八宮めぐる,月村手毬,境界を超える絆,,
天道輝,八宮めぐる,藤田ことね,境界を超える絆,,
天道輝,八宮めぐる,紫雲清夏,境界を超える絆,,
天道輝,小宮果穂,花海咲季,境界を超える絆,,
天道輝,小宮果穂,月村手毬,境界を超える絆,,
天道輝,小宮果穂,藤田ことね,境界を超える絆,,
天道輝,小宮果穂,紫雲清夏,境界を超える絆,,
天道輝,花海咲季,月村手毬,境界を超える絆,,
天道輝,花海咲季,藤田ことね,境界を超える絆,,
天道輝,花海咲季,紫雲清夏,境界を超える絆,,
天道輝,月村手毬,藤田ことね,境界を超える絆,,
天道輝,月村手毬,紫雲清夏,境界を超える絆,,
天道輝,藤田ことね,紫雲清夏,境界を超える絆,,
天海春香,如月千早,桜庭薫,境界を超える絆,,
天海春香,星井美希,桜庭薫,境界を超える絆,,
天海春香,水瀬伊織,桜庭薫,境界を超える絆,,
如月千早,星井美希,桜庭薫,境界を超える絆,,
如月千早,水瀬伊織,桜庭薫,境界を超える絆,,
星井美希,水瀬伊織,桜庭薫,境界を超える絆,,
天海春香,島村卯月,桜庭薫,境界を超える絆,,
天海春香,渋谷凛,桜庭薫,境界を超える絆,,
天海春香,本田未央,桜庭薫,境界を超える絆,,
天海春香,神崎蘭子,桜庭薫,境界を超える絆,,
天海春香,春日未来,桜庭薫,境界を超える絆,,
天海春香,最上静香,桜庭薫,境界を超える絆,,
天海春香,伊吹翼,桜庭薫,境界を超える絆,,
天海春香,真壁瑞希,桜庭薫,境界を超える絆,,
天海春香,桜庭薫,櫻木真乃,境界を超える絆,,
天海春香,桜庭薫,風野灯織,境界を超える絆,,
天海春香,桜庭薫,八宮めぐる,境界を超える絆,,
天海春香,桜庭薫,小宮果穂,境界を超える絆,,
天海春香,桜庭薫,花海咲季,境界を超える絆,,
天海春香,桜庭薫,月村手毬,境界を超える絆,,
天海春香,桜庭薫,藤田ことね,境界を超える絆,,
天海春香,桜庭薫,紫雲清夏,境界を超える絆,,
如月千早,島村卯月,桜庭薫,境界を超える絆,,
如月千早,渋谷凛,桜庭薫,Fantasy Scenery,,
如月千早,本田未央,桜庭薫,境界を超える絆,,
如月千早,神崎蘭子,桜庭薫,BLOOD TYPE A,,
如月千早,春日未来,桜庭薫,境界を超える絆,,
如月千早,最上静香,桜庭薫,Fantasy Scenery,BLOOD TYPE A,
如月千早,伊吹翼,桜庭薫,境界を超える絆,,
如月千早,真壁瑞希,桜庭薫,境界を超える絆,,
如月千早,桜庭薫,櫻木真乃,BLOOD TYPE A,,
如月千早,桜庭薫,風野灯織,Fantasy Scenery,BLOOD TYPE A,
如月千早,桜庭薫,八宮めぐる,境界を超える絆,,
如月千早,桜庭薫,小宮果穂,BLOOD TYPE A,,
如月千早,桜庭薫,花海咲季,BLOOD TYPE A,,
如月千早,桜庭薫,月村手毬,Fantasy Scenery,,
如月千早,桜庭薫,藤田ことね,境界を超える絆,,
如月千早,桜庭薫,紫雲清夏,境界を超える絆,,
星井美希,島村卯月,桜庭薫,境界を超える絆,,
星井美希,渋谷凛,桜庭薫,境界を超える絆,,
星井美希,本田未央,桜庭薫,Summer Constellations,,
星井美希,神崎蘭子,桜庭薫,境界を超える絆,,
星井美希,春日未来,桜庭薫,境界を超える絆,,
星井美希,最上静香,桜庭薫,境界を超える絆,,
星井美希,伊吹翼,桜庭薫,境界を超える絆,,
星井美希,真壁瑞希,桜庭薫,境界を超える絆,,
星井美希,桜庭薫,櫻木真乃,境界を超える絆,,
星井美希,桜庭薫,風野灯織,境界を超える絆,,
星井美希,桜庭薫,八宮めぐる,境界を超える絆,,
星井美希,桜庭薫,小宮果穂,境界を超える絆,,
星井美希,桜庭薫,花海咲季,境界を超える絆,,
星井美希,桜庭薫,月村手毬,境界を超える絆,,
星井美希,桜庭薫,藤田ことね,境界を超える絆,,
星井美希,桜庭薫,紫雲清夏,Summer Constellations,,
水瀬伊織,島村卯月,桜庭薫,境界を超える絆,,
水瀬伊織,渋谷凛,桜庭薫,境界を超える絆,,
水瀬伊織,本田未央,桜庭薫,境界を超える絆,,
水瀬伊織,神崎蘭子,桜庭薫,境界を超える絆,,
水瀬伊織,春日未来,桜庭薫,境界を超える絆,,
水瀬伊織,最上静香,桜庭薫,境界を超える絆,,
水瀬伊織,伊吹翼,桜庭薫,境界を超える絆,,
水瀬伊織,真壁瑞希,桜庭薫,境界を超える絆,,
水瀬伊織,桜庭薫,櫻木真乃,境界を超える絆,,
水瀬伊織,桜庭薫,風野灯織,境界を超える絆,,
水瀬伊織,桜庭薫,八宮めぐる,境界を超える絆,,
水瀬伊織,桜庭薫,小宮果穂,境界を超える絆,,
水瀬伊織,桜庭薫,花海咲季,境界を超える絆,,
水瀬伊織,桜庭薫,月村手毬,境界を超える絆,,
水瀬伊織,桜庭薫,藤田ことね,境界を超える絆,,
水瀬伊織,桜庭薫,紫雲清夏,境界を超える絆,,
島村卯月,渋谷凛,桜庭薫,境界を超える絆,,
島村卯月,本田未央,桜庭薫,境界を超える絆,,
島村卯月,神崎蘭子,桜庭薫,境界を超える絆,,
渋谷凛,本田未央,桜庭薫,境界を超える絆,,
渋谷凛,神崎蘭子,桜庭薫,境界を超える絆,,
本田未央,神崎蘭子,桜庭薫,境界を超える絆,,
島村卯月,春日未来,桜庭薫,境界を超える絆,,
島村卯月,最上静香,桜庭薫,境界を超える絆,,
島村卯月,伊吹翼,桜庭薫,境界を超える絆,,
島村卯月,真壁瑞希,桜庭薫,境界を超える絆,,
島村卯月,桜庭薫,櫻木真乃,境界を超える絆,,
島村卯月,桜庭薫,風野灯織,境界を超える絆,,
島村卯月,桜庭薫,八宮めぐる,境界を超える絆,,
島村卯月,桜庭薫,小宮果穂,境界を超える絆,,
島村卯月,桜庭薫,花海咲季,境界を超える絆,,
島村卯月,桜庭薫,月村手毬,境界を超える絆,,
島村卯月,桜庭薫,藤田ことね,境界を超える絆,,
島村卯月,桜庭薫,紫雲清夏,境界を超える絆,,
渋谷凛,春日未来,桜庭薫,境界を超える絆,,
渋谷凛,最上静香,桜庭薫,Fantasy Scenery,,
渋谷凛,伊吹翼,桜庭薫,境界を超える絆,,
渋谷凛,真壁瑞希,桜庭薫,境界を超える絆,,
渋谷凛,桜庭薫,櫻木真乃,境界を超える絆,,
渋谷凛,桜庭薫,風野灯織,Fantasy Scenery,,
渋谷凛,桜庭薫,八宮めぐる,境界を超える絆,,
渋谷凛,桜庭薫,小宮果穂,境界を超える絆,,
渋谷凛,桜庭薫,花海咲季,境界を超える絆,,
渋谷凛,桜庭薫,月村手毬,Fantasy Scenery,,
渋谷凛,桜庭薫,藤田ことね,境界を超える絆,,
渋谷凛,桜庭薫,紫雲清夏,境界を超える絆,,
本田未央,春日未来,桜庭薫,境界を超える絆,,
本田未央,最上静香,桜庭薫,境界を超える絆,,
本田未央,伊吹翼,桜庭薫,境界を超える絆,,
本田未央,真壁瑞希,桜庭薫,境界を超える絆,,
本田未央,桜庭薫,櫻木真乃,境界を超える絆,,
本田未央,桜庭薫,風野灯織,境界を超える絆,,
本田未央,桜庭薫,八宮めぐる,境界を超える絆,,
本田未央,桜庭薫,小宮果穂,境界を超える絆,,
本田未央,桜庭薫,花海咲季,境界を超える絆,,
本田未央,桜庭薫,月村手毬,境界を超える絆,,
本田未央,桜庭薫,藤田ことね,境界を超える絆,,
本田未央,桜庭薫,紫雲清夏,Summer Constellations,,
神崎蘭子,春日未来,桜庭薫,境界を超える絆,,
神崎蘭子,最上静香,桜庭薫,BLOOD TYPE A,,
神崎蘭子,伊吹翼,桜庭薫,境界を超える絆,,
神崎蘭子,真壁瑞希,桜庭薫,境界を超える絆,,
神崎蘭子,桜庭薫,櫻木真乃,BLOOD TYPE A,百花繚乱,
神崎蘭子,桜庭薫,風野灯織,BLOOD TYPE A,,
神崎蘭子,桜庭薫,八宮めぐる,境界を超える絆,,
神崎蘭子,桜庭薫,小宮果穂,BLOOD TYPE A,,
神崎蘭子,桜庭薫,花海咲季,BLOOD TYPE A,百花繚乱,
神崎蘭子,桜庭薫,月村手毬,境界を超える絆,,
神崎蘭子,桜庭薫,藤田ことね,百花繚乱,,
神崎蘭子,桜庭薫,紫雲清夏,境界を超える絆,,
春日未来,最上静香,桜庭薫,境界を超える絆,,
春日未来,伊吹翼,桜庭薫,境界を超える絆,,
春日未来,真壁瑞希,桜庭薫,境界を超える絆,,
最上静香,伊吹翼,桜庭薫,境界を超える絆,,
最上静香,真壁瑞希,桜庭薫,境界を超える絆,,
伊吹翼,真壁瑞希,桜庭薫,境界を超える絆,,
春日未来,桜庭薫,櫻木真乃,境界を超える絆,,
春日未来,桜庭薫,風野灯織,境界を超える絆,,
春日未来,桜庭薫,八宮めぐる,境界を超える絆,,
春日未来,桜庭薫,小宮果穂,境界を超える絆,,
春日未来,桜庭薫,花海咲季,境界を超える絆,,
春日未来,桜庭薫,月村手毬,境界を超える絆,,
春日未来,桜庭薫,藤田ことね,境界を超える絆,,
春日未来,桜庭薫,紫雲清夏,境界を超える絆,,
最上静香,桜庭薫,櫻木真乃,BLOOD TYPE A,,
最上静香,桜庭薫,風野灯織,Fantasy Scenery,BLOOD TYPE A,
最上静香,桜庭薫,八宮めぐる,境界を超える絆,,
最上静香,桜庭薫,小宮果穂,BLOOD TYPE A,,
最上静香,桜庭薫,花海咲季,BLOOD TYPE A,,
最上静香,桜庭薫,月村手毬,Fantasy Scenery,,
最上静香,桜庭薫,藤田ことね,境界を超える絆,,
最上静香,桜庭薫,紫雲清夏,境界を超える絆,,
伊吹翼,桜庭薫,櫻木真乃,境界を超える絆,,
伊吹翼,桜庭薫,風野灯織,境界を超える絆,,
伊吹翼,桜庭薫,八宮めぐる,境界を超える絆,,
伊吹翼,桜庭薫,小宮果穂,境界を超える絆,,
伊吹翼,桜庭薫,花海咲季,境界を超える絆,,
伊吹翼,桜庭薫,月村手毬,境界を超える絆,,
伊吹翼,桜庭薫,藤田ことね,境界を超える絆,,
伊吹翼,桜庭薫,紫雲清夏,境界を超える絆,,
真壁瑞希,桜庭薫,櫻木真乃,境界を超える絆,,
真壁瑞希,桜庭薫,風野灯織,境界を超える絆,,
真壁瑞希,桜庭薫,八宮めぐる,境界を超える絆,,
真壁瑞希,桜庭薫,小宮果穂,境界を超える絆,,
真壁瑞希,桜庭薫,花海咲季,境界を超える絆,,
真壁瑞希,桜庭薫,月村手毬,境界を超える絆,,
真壁瑞希,桜庭薫,藤田ことね,境界を超える絆,,
真壁瑞希,桜庭薫,紫雲清夏,境界を超える絆,,
桜庭薫,櫻木真乃,風野灯織,BLOOD TYPE A,,
桜庭薫,櫻木真乃,八宮めぐる,境界を超える絆,,
桜庭薫,櫻木真乃,小宮果穂,BLOOD TYPE A,,
桜庭薫,風野灯織,八宮めぐる,境界を超える絆,,
桜庭薫,風野灯織,小宮果穂,BLOOD TYPE A,,
桜庭薫,八宮めぐる,小宮果穂,境界を超える絆,,
桜庭薫,櫻木真乃,花海咲季,BLOOD TYPE A,百花繚乱,
桜庭薫,櫻木真乃,月村手毬,境界を超える絆,,
桜庭薫,櫻木真乃,藤田ことね,百花繚乱,,
桜庭薫,櫻木真乃,紫雲清夏,境界を超える絆,,
桜庭薫,風野灯織,花海咲季,BLOOD TYPE A,,
桜庭薫,風野灯織,月村手毬,Fantasy Scenery,,
桜庭薫,風野灯織,藤田ことね,境界を超える絆,,
桜庭薫,風野灯織,紫雲清夏,境界を超える絆,,
桜庭薫,八宮めぐる,花海咲季,境界を超える絆,,
桜庭薫,八宮めぐる,月村手毬,境界を超える絆,,
桜庭薫,八宮めぐる,藤田ことね,境界を超える絆,,
桜庭薫,八宮めぐる,紫雲清夏,境界を超える絆,,
桜庭薫,小宮果穂,花海咲季,BLOOD TYPE A,,
桜庭薫,小宮果穂,月村手毬,境界を超える絆,,
桜庭薫,小宮果穂,藤田ことね,境界を超える絆,,
桜庭薫,小宮果穂,紫雲清夏,境界を超える絆,,
桜庭薫,花海咲季,月村手毬,境界を超える絆,,
桜庭薫,花海咲季,藤田ことね,百花繚乱,,
桜庭薫,花海咲季,紫雲清夏,境界を超える絆,,
桜庭薫,月村手毬,藤田ことね,境界を超える絆,,
桜庭薫,月村手毬,紫雲清夏,境界を超える絆,,
桜庭薫,藤田ことね,紫雲清夏,境界を超える絆,,
天海春香,如月千早,柏木翼,境界を超える絆,,
天海春香,星井美希,柏木翼,境界を超える絆,,
天海春香,水瀬伊織,柏木翼,美味しいものは正義！,,
如月千早,星井美希,柏木翼,境界を超える絆,,
如月千早,水瀬伊織,柏木翼,境界を超える絆,,
星井美希,水瀬伊織,柏木翼,境界を超える絆,,
天海春香,島村卯月,柏木翼,BLOOD TYPE O,,
天海春香,渋谷凛,柏木翼,境界を超える絆,,
天海春香,本田未央,柏木翼,境界を超える絆,,
天海春香,神崎蘭子,柏木翼,境界を超える絆,,
天海春香,春日未来,柏木翼,BLOOD TYPE O,,
天海春香,最上静香,柏木翼,境界を超える絆,,
天海春香,伊吹翼,柏木翼,境界を超える絆,,
天海春香,真壁瑞希,柏木翼,境界を超える絆,,
天海春香,柏木翼,櫻木真乃,境界を超える絆,,
天海春香,柏木翼,風野灯織,境界を超える絆,,
天海春香,柏木翼,八宮めぐる,BLOOD TYPE O,,
天海春香,柏木翼,小宮果穂,境界を超える絆,,
天海春香,柏木翼,花海咲季,境界を超える絆,,
天海春香,柏木翼,月村手毬,美味しいものは正義！,,
天海春香,柏木翼,藤田ことね,BLOOD TYPE O,,
天海春香,柏木翼,紫雲清夏,BLOOD TYPE O,,
如月千早,島村卯月,柏木翼,境界を超える絆,,
如月千早,渋谷凛,柏木翼,境界を超える絆,,
如月千早,本田未央,柏木翼,境界を超える絆,,
如月千早,神崎蘭子,柏木翼,境界を超える絆,,
如月千早,春日未来,柏木翼,境界を超える絆,,
如月千早,最上静香,柏木翼,境界を超える絆,,
如月千早,伊吹翼,柏木翼,境界を超える絆,,
如月千早,真壁瑞希,柏木翼,境界を超える絆,,
如月千早,柏木翼,櫻木真乃,境界を超える絆,,
如月千早,柏木翼,風野灯織,境界を超える絆,,
如月千早,柏木翼,八宮めぐる,境界を超える絆,,
如月千早,柏木翼,小宮果穂,境界を超える絆,,
如月千早,柏木翼,花海咲季,境界を超える絆,,
如月千早,柏木翼,月村手毬,境界を超える絆,,
如月千早,柏木翼,藤田ことね,境界を超える絆,,
如月千早,柏木翼,紫雲清夏,境界を超える絆,,
星井美希,島村卯月,柏木翼,境界を超える絆,,
星井美希,渋谷凛,柏木翼,境界を超える絆,,
星井美希,本田未央,柏木翼,Dazzling Garden,,
星井美希,神崎蘭子,柏木翼,境界を超える絆,,
星井美希,春日未来,柏木翼,境界を超える絆,,
星井美希,最上静香,柏木翼,境界を超える絆,,
星井美希,伊吹翼,柏木翼,Dazzling Garden,,
星井美希,真壁瑞希,柏木翼,境界を超える絆,,
星井美希,柏木翼,櫻木真乃,境界を超える絆,,
星井美希,柏木翼,風野灯織,境界を超える絆,,
星井美希,柏木翼,八宮めぐる,Dazzling Garden,,
星井美希,柏木翼,小宮果穂,境界を超える絆,,
星井美希,柏木翼,花海咲季,境界を超える絆,,
星井美希,柏木翼,月村手毬,境界を超える絆,,
星井美希,柏木翼,藤田ことね,Dazzling Garden,,
星井美希,柏木翼,紫雲清夏,境界を超える絆,,
水瀬伊織,島村卯月,柏木翼,Winter Constellations,,
水瀬伊織,渋谷凛,柏木翼,Strollers,,
水瀬伊織,本田未央,柏木翼,Strollers,,
水瀬伊織,神崎蘭子,柏木翼,境界を超える絆,,
水瀬伊織,春日未来,柏木翼,境界を超える絆,,
水瀬伊織,最上静香,柏木翼,境界を超える絆,,
水瀬伊織,伊吹翼,柏木翼,境界を超える絆,,
水瀬伊織,真壁瑞希,柏木翼,境界を超える絆,,
水瀬伊織,柏木翼,櫻木真乃,Winter Constellations,Strollers,
水瀬伊織,柏木翼,風野灯織,Strollers,,
水瀬伊織,柏木翼,八宮めぐる,境界を超える絆,,
水瀬伊織,柏木翼,小宮果穂,境界を超える絆,,
水瀬伊織,柏木翼,花海咲季,境界を超える絆,,
水瀬伊織,柏木翼,月村手毬,Winter Constellations,美味しいものは正義！,
水瀬伊織,柏木翼,藤田ことね,Winter Constellations,,
水瀬伊織,柏木翼,紫雲清夏,境界を超える絆,,
島村卯月,渋谷凛,柏木翼,境界を超える絆,,
島村卯月,本田未央,柏木翼,境界を超える絆,,
島村卯月,神崎蘭子,柏木翼,境界を超える絆,,
渋谷凛,本田未央,柏木翼,Strollers,,
渋谷凛,神崎蘭子,柏木翼,境界を超える絆,,
本田未央,神崎蘭子,柏木翼,境界を超える絆,,
島村卯月,春日未来,柏木翼,BLOOD TYPE O,,
島村卯月,最上静香,柏木翼,境界を超える絆,,
島村卯月,伊吹翼,柏木翼,境界を超える絆,,
島村卯月,真壁瑞希,柏木翼,境界を超える絆,,
島村卯月,柏木翼,櫻木真乃,Winter Constellations,,
島村卯月,柏木翼,風野灯織,境界を超える絆,,
島村卯月,柏木翼,八宮めぐる,BLOOD TYPE O,,
島村卯月,柏木翼,小宮果穂,境界を超える絆,,
島村卯月,柏木翼,花海咲季,境界を超える絆,,
島村卯月,柏木翼,月村手毬,Winter Constellations,,
島村卯月,柏木翼,藤田ことね,BLOOD TYPE O,Winter Constellations,
島村卯月,柏木翼,紫雲清夏,BLOOD TYPE O,,
渋谷凛,春日未来,柏木翼,境界を超える絆,,
渋谷凛,最上静香,柏木翼,境界を超える絆,,
渋谷凛,伊吹翼,柏木翼,境界を超える絆,,
渋谷凛,真壁瑞希,柏木翼,境界を超える絆,,
渋谷凛,柏木翼,櫻木真乃,Strollers,,
渋谷凛,柏木翼,風野灯織,Strollers,,
渋谷凛,柏木翼,八宮めぐる,境界を超える絆,,
渋谷凛,柏木翼,小宮果穂,境界を超える絆,,
渋谷凛,柏木翼,花海咲季,境界を超える絆,,
渋谷凛,柏木翼,月村手毬,境界を超える絆,,
渋谷凛,柏木翼,藤田ことね,境界を超える絆,,
渋谷凛,柏木翼,紫雲清夏,境界を超える絆,,
本田未央,春日未来,柏木翼,境界を超える絆,,
本田未央,最上静香,柏木翼,境界を超える絆,,
本田未央,伊吹翼,柏木翼,Dazzling Garden,,
本田未央,真壁瑞希,柏木翼,境界を超える絆,,
本田未央,柏木翼,櫻木真乃,Strollers,,
本田未央,柏木翼,風野灯織,Strollers,,
本田未央,柏木翼,八宮めぐる,Dazzling Garden,,
本田未央,柏木翼,小宮果穂,境界を超える絆,,
本田未央,柏木翼,花海咲季,境界を超える絆,,
本田未央,柏木翼,月村手毬,境界を超える絆,,
本田未央,柏木翼,藤田ことね,Dazzling Garden,,
本田未央,柏木翼,紫雲清夏,境界を超える絆,,
神崎蘭子,春日未来,柏木翼,境界を超える絆,,
神崎蘭子,最上静香,柏木翼,境界を超える絆,,
神崎蘭子,伊吹翼,柏木翼,境界を超える絆,,
神崎蘭子,真壁瑞希,柏木翼,境界を超える絆,,
神崎蘭子,柏木翼,櫻木真乃,百花繚乱,,
神崎蘭子,柏木翼,風野灯織,境界を超える絆,,
神崎蘭子,柏木翼,八宮めぐる,境界を超える絆,,
神崎蘭子,柏木翼,小宮果穂,境界を超える絆,,
神崎蘭子,柏木翼,花海咲季,百花繚乱,,
神崎蘭子,柏木翼,月村手毬,境界を超える絆,,
神崎蘭子,柏木翼,藤田ことね,百花繚乱,,
神崎蘭子,柏木翼,紫雲清夏,境界を超える絆,,
春日未来,最上静香,柏木翼,境界を超える絆,,
春日未来,伊吹翼,柏木翼,境界を超える絆,,
春日未来,真壁瑞希,柏木翼,境界を超える絆,,
最上静香,伊吹翼,柏木翼,境界を超える絆,,
最上静香,真壁瑞希,柏木翼,境界を超える絆,,
伊吹翼,真壁瑞希,柏木翼,境界を超える絆,,
春日未来,柏木翼,櫻木真乃,境界を超える絆,,
春日未来,柏木翼,風野灯織,境界を超える絆,,
春日未来,柏木翼,八宮めぐる,BLOOD TYPE O,,
春日未来,柏木翼,小宮果穂,境界を超える絆,,
春日未来,柏木翼,花海咲季,境界を超える絆,,
春日未来,柏木翼,月村手毬,Birth of June,,
春日未来,柏木翼,藤田ことね,BLOOD TYPE O,,
春日未来,柏木翼,紫雲清夏,BLOOD TYPE O,,
最上静香,柏木翼,櫻木真乃,境界を超える絆,,
最上静香,柏木翼,風野灯織,境界を超える絆,,
最上静香,柏木翼,八宮めぐる,境界を超える絆,,
最上静香,柏木翼,小宮果穂,境界を超える絆,,
最上静香,柏木翼,花海咲季,境界を超える絆,,
最上静香,柏木翼,月村手毬,境界を超える絆,,
最上静香,柏木翼,藤田ことね,境界を超える絆,,
最上静香,柏木翼,紫雲清夏,境界を超える絆,,
伊吹翼,柏木翼,櫻木真乃,境界を超える絆,,
伊吹翼,柏木翼,風野灯織,境界を超える絆,,
伊吹翼,柏木翼,八宮めぐる,Dazzling Garden,,
伊吹翼,柏木翼,小宮果穂,境界を超える絆,,
伊吹翼,柏木翼,花海咲季,左の手に宿る才,,
伊吹翼,柏木翼,月村手毬,境界を超える絆,,
伊吹翼,柏木翼,藤田ことね,Dazzling Garden,,
伊吹翼,柏木翼,紫雲清夏,左の手に宿る才,,
真壁瑞希,柏木翼,櫻木真乃,境界を超える絆,,
真壁瑞希,柏木翼,風野灯織,境界を超える絆,,
真壁瑞希,柏木翼,八宮めぐる,境界を超える絆,,
真壁瑞希,柏木翼,小宮果穂,境界を超える絆,,
真壁瑞希,柏木翼,花海咲季,境界を超える絆,,
真壁瑞希,柏木翼,月村手毬,境界を超える絆,,
真壁瑞希,柏木翼,藤田ことね,境界を超える絆,,
真壁瑞希,柏木翼,紫雲清夏,境界を超える絆,,
柏木翼,櫻木真乃,風野灯織,Strollers,,
柏木翼,櫻木真乃,八宮めぐる,境界を超える絆,,
柏木翼,櫻木真乃,小宮果穂,境界を超える絆,,
柏木翼,風野灯織,八宮めぐる,境界を超える絆,,
柏木翼,風野灯織,小宮果穂,境界を超える絆,,
柏木翼,八宮めぐる,小宮果穂,境界を超える絆,,
柏木翼,櫻木真乃,花海咲季,百花繚乱,,
柏木翼,櫻木真乃,月村手毬,Winter Constellations,,
柏木翼,櫻木真乃,藤田ことね,Winter Constellations,百花繚乱,
柏木翼,櫻木真乃,紫雲清夏,境界を超える絆,,
柏木翼,風野灯織,花海咲季,境界を超える絆,,
柏木翼,風野灯織,月村手毬,境界を超える絆,,
柏木翼,風野灯織,藤田ことね,境界を超える絆,,
柏木翼,風野灯織,紫雲清夏,境界を超える絆,,
柏木翼,八宮めぐる,花海咲季,境界を超える絆,,
柏木翼,八宮めぐる,月村手毬,境界を超える絆,,
柏木翼,八宮めぐる,藤田ことね,Dazzling Garden,BLOOD TYPE O,
柏木翼,八宮めぐる,紫雲清夏,BLOOD TYPE O,,
柏木翼,小宮果穂,花海咲季,境界を超える絆,,
柏木翼,小宮果穂,月村手毬,境界を超える絆,,
柏木翼,小宮果穂,藤田ことね,境界を超える絆,,
柏木翼,小宮果穂,紫雲清夏,境界を超える絆,,
柏木翼,花海咲季,月村手毬,境界を超える絆,,
柏木翼,花海咲季,藤田ことね,百花繚乱,,
柏木翼,花海咲季,紫雲清夏,左の手に宿る才,,
柏木翼,月村手毬,藤田ことね,Winter Constellations,,
柏木翼,月村手毬,紫雲清夏,境界を超える絆,,
柏木翼,藤田ことね,紫雲清夏,BLOOD TYPE O,,
天海春香,如月千早,硲道夫,Autumn Constellations,,
天海春香,星井美希,硲道夫,境界を超える絆,,
天海春香,水瀬伊織,硲道夫,境界を超える絆,,
如月千早,星井美希,硲道夫,境界を超える絆,,
如月千早,水瀬伊織,硲道夫,境界を超える絆,,
星井美希,水瀬伊織,硲道夫,境界を超える絆,,
天海春香,島村卯月,硲道夫,境界を超える絆,,
天海春香,渋谷凛,硲道夫,境界を超える絆,,
天海春香,本田未央,硲道夫,境界を超える絆,,
天海春香,神崎蘭子,硲道夫,Autumn Constellations,,
天海春香,春日未来,硲道夫,境界を超える絆,,
天海春香,最上静香,硲道夫,境界を超える絆,,
天海春香,伊吹翼,硲道夫,境界を超える絆,,
天海春香,真壁瑞希,硲道夫,Autumn Constellations,,
天海春香,硲道夫,櫻木真乃,境界を超える絆,,
天海春香,硲道夫,風野灯織,Autumn Constellations,,
天海春香,硲道夫,八宮めぐる,境界を超える絆,,
天海春香,硲道夫,小宮果穂,境界を超える絆,,
天海春香,硲道夫,花海咲季,Autumn Constellations,,
天海春香,硲道夫,月村手毬,境界を超える絆,,
天海春香,硲道夫,藤田ことね,境界を超える絆,,
天海春香,硲道夫,紫雲清夏,境界を超える絆,,
如月千早,島村卯月,硲道夫,境界を超える絆,,
如月千早,渋谷凛,硲道夫,境界を超える絆,,
如月千早,本田未央,硲道夫,境界を超える絆,,
如月千早,神崎蘭子,硲道夫,Autumn Constellations,,
如月千早,春日未来,硲道夫,境界を超える絆,,
如月千早,最上静香,硲道夫,境界を超える絆,,
如月千早,伊吹翼,硲道夫,境界を超える絆,,
如月千早,真壁瑞希,硲道夫,Autumn Constellations,,
如月千早,硲道夫,櫻木真乃,境界を超える絆,,
如月千早,硲道夫,風野灯織,Autumn Constellations,,
如月千早,硲道夫,八宮めぐる,境界を超える絆,,
如月千早,硲道夫,小宮果穂,境界を超える絆,,
如月千早,硲道夫,花海咲季,Autumn Constellations,,
如月千早,硲道夫,月村手毬,境界を超える絆,,
如月千早,硲道夫,藤田ことね,境界を超える絆,,
如月千早,硲道夫,紫雲清夏,境界を超える絆,,
星井美希,島村卯月,硲道夫,境界を超える絆,,
星井美希,渋谷凛,硲道夫,境界を超える絆,,
星井美希,本田未央,硲道夫,境界を超える絆,,
星井美希,神崎蘭子,硲道夫,境界を超える絆,,
星井美希,春日未来,硲道夫,境界を超える絆,,
星井美希,最上静香,硲道夫,境界を超える絆,,
星井美希,伊吹翼,硲道夫,境界を超える絆,,
星井美希,真壁瑞希,硲道夫,境界を超える絆,,
星井美希,硲道夫,櫻木真乃,境界を超える絆,,
星井美希,硲道夫,風野灯織,境界を超える絆,,
星井美希,硲道夫,八宮めぐる,境界を超える絆,,
星井美希,硲道夫,小宮果穂,境界を超える絆,,
星井美希,硲道夫,花海咲季,境界を超える絆,,
星井美希,硲道夫,月村手毬,境界を超える絆,,
星井美希,硲道夫,藤田ことね,境界を超える絆,,
星井美希,硲道夫,紫雲清夏,境界を超える絆,,
水瀬伊織,島村卯月,硲道夫,境界を超える絆,,
水瀬伊織,渋谷凛,硲道夫,境界を超える絆,,
水瀬伊織,本田未央,硲道夫,境界を超える絆,,
水瀬伊織,神崎蘭子,硲道夫,境界を超える絆,,
水瀬伊織,春日未来,硲道夫,境界を超える絆,,
水瀬伊織,最上静香,硲道夫,境界を超える絆,,
水瀬伊織,伊吹翼,硲道夫,境界を超える絆,,
水瀬伊織,真壁瑞希,硲道夫,境界を超える絆,,
水瀬伊織,硲道夫,櫻木真乃,境界を超える絆,,
水瀬伊織,硲道夫,風野灯織,境界を超える絆,,
水瀬伊織,硲道夫,八宮めぐる,境界を超える絆,,
水瀬伊織,硲道夫,小宮果穂,境界を超える絆,,
水瀬伊織,硲道夫,花海咲季,境界を超える絆,,
水瀬伊織,硲道夫,月村手毬,BLOOD TYPE AB,,
水瀬伊織,硲道夫,藤田ことね,境界を超える絆,,
水瀬伊織,硲道夫,紫雲清夏,境界を超える絆,,
島村卯月,渋谷凛,硲道夫,境界を超える絆,,
島村卯月,本田未央,硲道夫,境界を超える絆,,
島村卯月,神崎蘭子,硲道夫,境界を超える絆,,
渋谷凛,本田未央,硲道夫,境界を超える絆,,
渋谷凛,神崎蘭子,硲道夫,境界を超える絆,,
本田未央,神崎蘭子,硲道夫,境界を超える絆,,
島村卯月,春日未来,硲道夫,境界を超える絆,,
島村卯月,最上静香,硲道夫,境界を超える絆,,
島村卯月,伊吹翼,硲道夫,境界を超える絆,,
島村卯月,真壁瑞希,硲道夫,境界を超える絆,,
島村卯月,硲道夫,櫻木真乃,境界を超える絆,,
島村卯月,硲道夫,風野灯織,境界を超える絆,,
島村卯月,硲道夫,八宮めぐる,境界を超える絆,,
島村卯月,硲道夫,小宮果穂,境界を超える絆,,
島村卯月,硲道夫,花海咲季,境界を超える絆,,
島村卯月,硲道夫,月村手毬,境界を超える絆,,
島村卯月,硲道夫,藤田ことね,境界を超える絆,,
島村卯月,硲道夫,紫雲清夏,境界を超える絆,,
渋谷凛,春日未来,硲道夫,境界を超える絆,,
渋谷凛,最上静香,硲道夫,境界を超える絆,,
渋谷凛,伊吹翼,硲道夫,境界を超える絆,,
渋谷凛,真壁瑞希,硲道夫,境界を超える絆,,
渋谷凛,硲道夫,櫻木真乃,境界を超える絆,,
渋谷凛,硲道夫,風野灯織,境界を超える絆,,
渋谷凛,硲道夫,八宮めぐる,境界を超える絆,,
渋谷凛,硲道夫,小宮果穂,境界を超える絆,,
渋谷凛,硲道夫,花海咲季,境界を超える絆,,
渋谷凛,硲道夫,月村手毬,境界を超える絆,,
渋谷凛,硲道夫,藤田ことね,境界を超える絆,,
渋谷凛,硲道夫,紫雲清夏,境界を超える絆,,
本田未央,春日未来,硲道夫,境界を超える絆,,
本田未央,最上静香,硲道夫,境界を超える絆,,
本田未央,伊吹翼,硲道夫,境界を超える絆,,
本田未央,真壁瑞希,硲道夫,境界を超える絆,,
本田未央,硲道夫,櫻木真乃,境界を超える絆,,
本田未央,硲道夫,風野灯織,境界を超える絆,,
本田未央,硲道夫,八宮めぐる,境界を超える絆,,
本田未央,硲道夫,小宮果穂,境界を超える絆,,
本田未央,硲道夫,花海咲季,境界を超える絆,,
本田未央,硲道夫,月村手毬,境界を超える絆,,
本田未央,硲道夫,藤田ことね,境界を超える絆,,
本田未央,硲道夫,紫雲清夏,境界を超える絆,,
神崎蘭子,春日未来,硲道夫,境界を超える絆,,
神崎蘭子,最上静香,硲道夫,境界を超える絆,,
神崎蘭子,伊吹翼,硲道夫,境界を超える絆,,
神崎蘭子,真壁瑞希,硲道夫,Autumn Constellations,,
神崎蘭子,硲道夫,櫻木真乃,境界を超える絆,,
神崎蘭子,硲道夫,風野灯織,Autumn Constellations,,
神崎蘭子,硲道夫,八宮めぐる,境界を超える絆,,
神崎蘭子,硲道夫,小宮果穂,境界を超える絆,,
神崎蘭子,硲道夫,花海咲季,Autumn Constellations,,
神崎蘭子,硲道夫,月村手毬,境界を超える絆,,
神崎蘭子,硲道夫,藤田ことね,境界を超える絆,,
神崎蘭子,硲道夫,紫雲清夏,境界を超える絆,,
春日未来,最上静香,硲道夫,境界を超える絆,,
春日未来,伊吹翼,硲道夫,境界を超える絆,,
春日未来,真壁瑞希,硲道夫,境界を超える絆,,
最上静香,伊吹翼,硲道夫,境界を超える絆,,
最上静香,真壁瑞希,硲道夫,境界を超える絆,,
伊吹翼,真壁瑞希,硲道夫,境界を超える絆,,
春日未来,硲道夫,櫻木真乃,境界を超える絆,,
春日未来,硲道夫,風野灯織,境界を超える絆,,
春日未来,硲道夫,八宮めぐる,境界を超える絆,,
春日未来,硲道夫,小宮果穂,境界を超える絆,,
春日未来,硲道夫,花海咲季,境界を超える絆,,
春日未来,硲道夫,月村手毬,境界を超える絆,,
春日未来,硲道夫,藤田ことね,境界を超える絆,,
春日未来,硲道夫,紫雲清夏,境界を超える絆,,
最上静香,硲道夫,櫻木真乃,境界を超える絆,,
最上静香,硲道夫,風野灯織,境界を超える絆,,
最上静香,硲道夫,八宮めぐる,境界を超える絆,,
最上静香,硲道夫,小宮果穂,境界を超える絆,,
最上静香,硲道夫,花海咲季,境界を超える絆,,
最上静香,硲道夫,月村手毬,境界を超える絆,,
最上静香,硲道夫,藤田ことね,境界を超える絆,,
最上静香,硲道夫,紫雲清夏,境界を超える絆,,
伊吹翼,硲道夫,櫻木真乃,境界を超える絆,,
伊吹翼,硲道夫,風野灯織,境界を超える絆,,
伊吹翼,硲道夫,八宮めぐる,境界を超える絆,,
伊吹翼,硲道夫,小宮果穂,境界を超える絆,,
伊吹翼,硲道夫,花海咲季,左の手に宿る才,,
伊吹翼,硲道夫,月村手毬,境界を超える絆,,
伊吹翼,硲道夫,藤田ことね,境界を超える絆,,
伊吹翼,硲道夫,紫雲清夏,左の手に宿る才,,
真壁瑞希,硲道夫,櫻木真乃,境界を超える絆,,
真壁瑞希,硲道夫,風野灯織,Autumn Constellations,,
真壁瑞希,硲道夫,八宮めぐる,境界を超える絆,,
真壁瑞希,硲道夫,小宮果穂,境界を超える絆,,
真壁瑞希,硲道夫,花海咲季,Autumn Constellations,,
真壁瑞希,硲道夫,月村手毬,境界を超える絆,,
真壁瑞希,硲道夫,藤田ことね,境界を超える絆,,
真壁瑞希,硲道夫,紫雲清夏,境界を超える絆,,
硲道夫,櫻木真乃,風野灯織,境界を超える絆,,
硲道夫,櫻木真乃,八宮めぐる,境界を超える絆,,
硲道夫,櫻木真乃,小宮果穂,境界を超える絆,,
硲道夫,風野灯織,八宮めぐる,境界を超える絆,,
硲道夫,風野灯織,小宮果穂,境界を超える絆,,
硲道夫,八宮めぐる,小宮果穂,境界を超える絆,,
硲道夫,櫻木真乃,花海咲季,境界を超える絆,,
硲道夫,櫻木真乃,月村手毬,境界を超える絆,,
硲道夫,櫻木真乃,藤田ことね,境界を超える絆,,
硲道夫,櫻木真乃,紫雲清夏,境界を超える絆,,
硲道夫,風野灯織,花海咲季,Autumn Constellations,,
硲道夫,風野灯織,月村手毬,境界を超える絆,,
硲道夫,風野灯織,藤田ことね,境界を超える絆,,
硲道夫,風野灯織,紫雲清夏,境界を超える絆,,
硲道夫,八宮めぐる,花海咲季,境界を超える絆,,
硲道夫,八宮めぐる,月村手毬,境界を超える絆,,
硲道夫,八宮めぐる,藤田ことね,境界を超える絆,,
硲道夫,八宮めぐる,紫雲清夏,境界を超える絆,,
硲道夫,小宮果穂,花海咲季,境界を超える絆,,
硲道夫,小宮果穂,月村手毬,境界を超える絆,,
硲道夫,小宮果穂,藤田ことね,境界を超える絆,,
硲道夫,小宮果穂,紫雲清夏,境界を超える絆,,
硲道夫,花海咲季,月村手毬,境界を超える絆,,
硲道夫,花海咲季,藤田ことね,境界を超える絆,,
硲道夫,花海咲季,紫雲清夏,左の手に宿る才,,
硲道夫,月村手毬,藤田ことね,境界を超える絆,,
硲道夫,月村手毬,紫雲清夏,境界を超える絆,,
硲道夫,藤田ことね,紫雲清夏,境界を超える絆,,
天海春香,如月千早,星井美希,目指せ！トップアイドル,,
天海春香,如月千早,水瀬伊織,目指せ！トップアイドル,,
天海春香,星井美希,水瀬伊織,目指せ！トップアイドル,,
如月千早,星井美希,水瀬伊織,目指せ！トップアイドル,,
天海春香,如月千早,島村卯月,ハイスクールガールズ,,
天海春香,如月千早,渋谷凛,ハイスクールガールズ,,
天海春香,如月千早,本田未央,ハイスクールガールズ,,
天海春香,如月千早,神崎蘭子,Autumn Constellations,,
天海春香,如月千早,春日未来,境界を超える絆,,
天海春香,如月千早,最上静香,境界を超える絆,,
天海春香,如月千早,伊吹翼,境界を超える絆,,
天海春香,如月千早,真壁瑞希,ハイスクールガールズ,Autumn Constellations,
天海春香,如月千早,櫻木真乃,ハイスクールガールズ,,
天海春香,如月千早,風野灯織,ハイスクールガールズ,Autumn Constellations,
天海春香,如月千早,八宮めぐる,ハイスクールガールズ,,
天海春香,如月千早,小宮果穂,境界を超える絆,,
天海春香,如月千早,花海咲季,ハイスクールガールズ,Autumn Constellations,
天海春香,如月千早,月村手毬,ハイスクールガールズ,,
天海春香,如月千早,藤田ことね,ハイスクールガールズ,,
天海春香,如月千早,紫雲清夏,ハイスクールガールズ,,
天海春香,星井美希,島村卯月,境界を超える絆,,
天海春香,星井美希,渋谷凛,境界を超える絆,,
天海春香,星井美希,本田未央,境界を超える絆,,
天海春香,星井美希,神崎蘭子,境界を超える絆,,
天海春香,星井美希,春日未来,境界を超える絆,,
天海春香,星井美希,最上静香,境界を超える絆,,
天海春香,星井美希,伊吹翼,境界を超える絆,,
天海春香,星井美希,真壁瑞希,境界を超える絆,,
天海春香,星井美希,櫻木真乃,境界を超える絆,,
天海春香,星井美希,風野灯織,境界を超える絆,,
天海春香,星井美希,八宮めぐる,境界を超える絆,,
天海春香,星井美希,小宮果穂,境界を超える絆,,
天海春香,星井美希,花海咲季,境界を超える絆,,
天海春香,星井美希,月村手毬,境界を超える絆,,
天海春香,星井美希,藤田ことね,境界を超える絆,,
天海春香,星井美希,紫雲清夏,境界を超える絆,,
天海春香,水瀬伊織,島村卯月,境界を超える絆,,
天海春香,水瀬伊織,渋谷凛,境界を超える絆,,
天海春香,水瀬伊織,本田未央,境界を超える絆,,
天海春香,水瀬伊織,神崎蘭子,境界を超える絆,,
天海春香,水瀬伊織,春日未来,境界を超える絆,,
天海春香,水瀬伊織,最上静香,境界を超える絆,,
天海春香,水瀬伊織,伊吹翼,境界を超える絆,,
天海春香,水瀬伊織,真壁瑞希,境界を超える絆,,
天海春香,水瀬伊織,櫻木真乃,境界を超える絆,,
天海春香,水瀬伊織,風野灯織,境界を超える絆,,
天海春香,水瀬伊織,八宮めぐる,境界を超える絆,,
天海春香,水瀬伊織,小宮果穂,境界を超える絆,,
天海春香,水瀬伊織,花海咲季,境界を超える絆,,
天海春香,水瀬伊織,月村手毬,美味しいものは正義！,,
天海春香,水瀬伊織,藤田ことね,境界を超える絆,,
天海春香,水瀬伊織,紫雲清夏,境界を超える絆,,
如月千早,星井美希,島村卯月,Celestial Names,,
如月千早,星井美希,渋谷凛,境界を超える絆,,
如月千早,星井美希,本田未央,境界を超える絆,,
如月千早,星井美希,神崎蘭子,境界を超える絆,,
如月千早,星井美希,春日未来,Celestial Names,,
如月千早,星井美希,最上静香,境界を超える絆,,
如月千早,星井美希,伊吹翼,境界を超える絆,,
如月千早,星井美希,真壁瑞希,境界を超える絆,,
如月千早,星井美希,櫻木真乃,境界を超える絆,,
如月千早,星井美希,風野灯織,境界を超える絆,,
如月千早,星井美希,八宮めぐる,境界を超える絆,,
如月千早,星井美希,小宮果穂,境界を超える絆,,
如月千早,星井美希,花海咲季,境界を超える絆,,
如月千早,星井美希,月村手毬,Celestial Names,,
如月千早,星井美希,藤田ことね,境界を超える絆,,
如月千早,星井美希,紫雲清夏,境界を超える絆,,
如月千早,水瀬伊織,島村卯月,境界を超える絆,,
如月千早,水瀬伊織,渋谷凛,境界を超える絆,,
如月千早,水瀬伊織,本田未央,境界を超える絆,,
如月千早,水瀬伊織,神崎蘭子,境界を超える絆,,
如月千早,水瀬伊織,春日未来,境界を超える絆,,
如月千早,水瀬伊織,最上静香,境界を超える絆,,
如月千早,水瀬伊織,伊吹翼,境界を超える絆,,
如月千早,水瀬伊織,真壁瑞希,境界を超える絆,,
如月千早,水瀬伊織,櫻木真乃,境界を超える絆,,
如月千早,水瀬伊織,風野灯織,境界を超える絆,,
如月千早,水瀬伊織,八宮めぐる,境界を超える絆,,
如月千早,水瀬伊織,小宮果穂,境界を超える絆,,
如月千早,水瀬伊織,花海咲季,境界を超える絆,,
如月千早,水瀬伊織,月村手毬,境界を超える絆,,
如月千早,水瀬伊織,藤田ことね,境界を超える絆,,
如月千早,水瀬伊織,紫雲清夏,境界を超える絆,,
星井美希,水瀬伊織,島村卯月,境界を超える絆,,
星井美希,水瀬伊織,渋谷凛,境界を超える絆,,
星井美希,水瀬伊織,本田未央,境界を超える絆,,
星井美希,水瀬伊織,神崎蘭子,ジュニアハイスクールガールズ,,
星井美希,水瀬伊織,春日未来,ジュニアハイスクールガールズ,,
星井美希,水瀬伊織,最上静香,ジュニアハイスクールガールズ,,
星井美希,水瀬伊織,伊吹翼,ジュニアハイスクールガールズ,,
星井美希,水瀬伊織,真壁瑞希,境界を超える絆,,
星井美希,水瀬伊織,櫻木真乃,境界を超える絆,,
星井美希,水瀬伊織,風野灯織,境界を超える絆,,
星井美希,水瀬伊織,八宮めぐる,境界を超える絆,,
星井美希,水瀬伊織,小宮果穂,境界を超える絆,,
星井美希,水瀬伊織,花海咲季,境界を超える絆,,
星井美希,水瀬伊織,月村手毬,境界を超える絆,,
星井美希,水瀬伊織,藤田ことね,境界を超える絆,,
星井美希,水瀬伊織,紫雲清夏,境界を超える絆,,
天海春香,島村卯月,渋谷凛,ハイスクールガールズ,,
天海春香,島村卯月,本田未央,ハイスクールガールズ,,
天海春香,島村卯月,神崎蘭子,Birth of April,,
天海春香,渋谷凛,本田未央,ハイスクールガールズ,,
天海春香,渋谷凛,神崎蘭子,境界を超える絆,,
天海春香,本田未央,神崎蘭子,境界を超える絆,,
天海春香,島村卯月,春日未来,Brilliant World,BLOOD TYPE O,
天海春香,島村卯月,最上静香,境界を超える絆,,
天海春香,島村卯月,伊吹翼,境界を超える絆,,
天海春香,島村卯月,真壁瑞希,ハイスクールガールズ,,
天海春香,島村卯月,櫻木真乃,Brilliant World,ハイスクールガールズ,Birth of April
天海春香,島村卯月,風野灯織,ハイスクールガールズ,,
天海春香,島村卯月,八宮めぐる,ハイスクールガールズ,BLOOD TYPE O,
天海春香,島村卯月,小宮果穂,境界を超える絆,,
天海春香,島村卯月,花海咲季,Brilliant World,ハイスクールガールズ,Birth of April
天海春香,島村卯月,月村手毬,ハイスクールガールズ,,
天海春香,島村卯月,藤田ことね,ハイスクールガールズ,BLOOD TYPE O,Birth of April
天海春香,島村卯月,紫雲清夏,ハイスクールガールズ,BLOOD TYPE O,
天海春香,渋谷凛,春日未来,境界を超える絆,,
天海春香,渋谷凛,最上静香,境界を超える絆,,
天海春香,渋谷凛,伊吹翼,境界を超える絆,,
天海春香,渋谷凛,真壁瑞希,ハイスクールガールズ,,
天海春香,渋谷凛,櫻木真乃,ハイスクールガールズ,,
天海春香,渋谷凛,風野灯織,ハイスクールガールズ,,
天海春香,渋谷凛,八宮めぐる,ハイスクールガールズ,,
天海春香,渋谷凛,小宮果穂,境界を超える絆,,
天海春香,渋谷凛,花海咲季,ハイスクールガールズ,,
天海春香,渋谷凛,月村手毬,ハイスクールガールズ,,
天海春香,渋谷凛,藤田ことね,ハイスクールガールズ,,
天海春香,渋谷凛,紫雲清夏,ハイスクールガールズ,,
天海春香,本田未央,春日未来,境界を超える絆,,
天海春香,本田未央,最上静香,境界を超える絆,,
天海春香,本田未央,伊吹翼,境界を超える絆,,
天海春香,本田未央,真壁瑞希,ハイスクールガールズ,,
天海春香,本田未央,櫻木真乃,ハイスクールガールズ,,
天海春香,本田未央,風野灯織,ハイスクールガールズ,,
天海春香,本田未央,八宮めぐる,ハイスクールガールズ,,
天海春香,本田未央,小宮果穂,境界を超える絆,,
天海春香,本田未央,花海咲季,ハイスクールガールズ,,
天海春香,本田未央,月村手毬,ハイスクールガールズ,,
天海春香,本田未央,藤田ことね,ハイスクールガールズ,,
天海春香,本田未央,紫雲清夏,ハイスクールガールズ,,
天海春香,神崎蘭子,春日未来,境界を超える絆,,
天海春香,神崎蘭子,最上静香,境界を超える絆,,
天海春香,神崎蘭子,伊吹翼,境界を超える絆,,
天海春香,神崎蘭子,真壁瑞希,Autumn Constellations,,
天海春香,神崎蘭子,櫻木真乃,Birth of April,,
天海春香,神崎蘭子,風野灯織,Autumn Constellations,,
天海春香,神崎蘭子,八宮めぐる,境界を超える絆,,
天海春香,神崎蘭子,小宮果穂,境界を超える絆,,
天海春香,神崎蘭子,花海咲季,Birth of April,Autumn Constellations,
天海春香,神崎蘭子,月村手毬,境界を超える絆,,
天海春香,神崎蘭子,藤田ことね,Birth of April,,
天海春香,神崎蘭子,紫雲清夏,境界を超える絆,,
天海春香,春日未来,最上静香,境界を超える絆,,
天海春香,春日未来,伊吹翼,境界を超える絆,,
天海春香,春日未来,真壁瑞希,境界を超える絆,,
天海春香,最上静香,伊吹翼,境界を超える絆,,
天海春香,最上静香,真壁瑞希,境界を超える絆,,
天海春香,伊吹翼,真壁瑞希,境界を超える絆,,
天海春香,春日未来,櫻木真乃,Brilliant World,,
天海春香,春日未来,風野灯織,境界を超える絆,,
天海春香,春日未来,八宮めぐる,BLOOD TYPE O,,
天海春香,春日未来,小宮果穂,境界を超える絆,,
天海春香,春日未来,花海咲季,Brilliant World,,
天海春香,春日未来,月村手毬,境界を超える絆,,
天海春香,春日未来,藤田ことね,BLOOD TYPE O,,
天海春香,春日未来,紫雲清夏,BLOOD TYPE O,,
天海春香,最上静香,櫻木真乃,境界を超える絆,,
天海春香,最上静香,風野灯織,境界を超える絆,,
天海春香,最上静香,八宮めぐる,境界を超える絆,,
天海春香,最上静香,小宮果穂,境界を超える絆,,
天海春香,最上静香,花海咲季,境界を超える絆,,
天海春香,最上静香,月村手毬,境界を超える絆,,
天海春香,最上静香,藤田ことね,境界を超える絆,,
天海春香,最上静香,紫雲清夏,境界を超える絆,,
天海春香,伊吹翼,櫻木真乃,境界を超える絆,,
天海春香,伊吹翼,風野灯織,境界を超える絆,,
天海春香,伊吹翼,八宮めぐる,境界を超える絆,,
天海春香,伊吹翼,小宮果穂,境界を超える絆,,
天海春香,伊吹翼,花海咲季,境界を超える絆,,
天海春香,伊吹翼,月村手毬,境界を超える絆,,
天海春香,伊吹翼,藤田ことね,境界を超える絆,,
天海春香,伊吹翼,紫雲清夏,境界を超える絆,,
天海春香,真壁瑞希,櫻木真乃,ハイスクールガールズ,,
天海春香,真壁瑞希,風野灯織,ハイスクールガールズ,Autumn Constellations,
天海春香,真壁瑞希,八宮めぐる,ハイスクールガールズ,,
天海春香,真壁瑞希,小宮果穂,境界を超える絆,,
天海春香,真壁瑞希,花海咲季,ハイスクールガールズ,Autumn Constellations,
天海春香,真壁瑞希,月村手毬,ハイスクールガールズ,,
天海春香,真壁瑞希,藤田ことね,ハイスクールガールズ,,
天海春香,真壁瑞希,紫雲清夏,ハイスクールガールズ,,
天海春香,櫻木真乃,風野灯織,ハイスクールガールズ,,
天海春香,櫻木真乃,八宮めぐる,ハイスクールガールズ,,
天海春香,櫻木真乃,小宮果穂,境界を超える絆,,
天海春香,風野灯織,八宮めぐる,ハイスクールガールズ,,
天海春香,風野灯織,小宮果穂,境界を超える絆,,
天海春香,八宮めぐる,小宮果穂,境界を超える絆,,
天海春香,櫻木真乃,花海咲季,Brilliant World,ハイスクールガールズ,Birth of April
天海春香,櫻木真乃,月村手毬,ハイスクールガールズ,,
天海春香,櫻木真乃,藤田ことね,ハイスクールガールズ,Birth of April,
天海春香,櫻木真乃,紫雲清夏,ハイスクールガールズ,,
天海春香,風野灯織,花海咲季,ハイスクールガールズ,Autumn Constellations,
天海春香,風野灯織,月村手毬,ハイスクールガールズ,,
天海春香,風野灯織,藤田ことね,ハイスクールガールズ,,
天海春香,風野灯織,紫雲清夏,ハイスクールガールズ,,
天海春香,八宮めぐる,花海咲季,ハイスクールガールズ,,
天海春香,八宮めぐる,月村手毬,ハイスクールガールズ,,
天海春香,八宮めぐる,藤田ことね,ハイスクールガールズ,BLOOD TYPE O,
天海春香,八宮めぐる,紫雲清夏,ハイスクールガールズ,BLOOD TYPE O,
天海春香,小宮果穂,花海咲季,境界を超える絆,,
天海春香,小宮果穂,月村手毬,境界を超える絆,,
天海春香,小宮果穂,藤田ことね,境界を超える絆,,
天海春香,小宮果穂,紫雲清夏,境界を超える絆,,
天海春香,花海咲季,月村手毬,ハイスクールガールズ,,
天海春香,花海咲季,藤田ことね,ハイスクールガールズ,Birth of April,
天海春香,花海咲季,紫雲清夏,ハイスクールガールズ,,
天海春香,月村手毬,藤田ことね,ハイスクールガールズ,,
天海春香,月村手毬,紫雲清夏,ハイスクールガールズ,,
天海春香,藤田ことね,紫雲清夏,ハイスクールガールズ,BLOOD TYPE O,
如月千早,島村卯月,渋谷凛,ハイスクールガールズ,,
如月千早,島村卯月,本田未央,ハイスクールガールズ,,
如月千早,島村卯月,神崎蘭子,境界を超える絆,,
如月千早,渋谷凛,本田未央,ハイスクールガールズ,,
如月千早,渋谷凛,神崎蘭子,境界を超える絆,,
如月千早,本田未央,神崎蘭子,境界を超える絆,,
如月千早,島村卯月,春日未来,Celestial Names,,
如月千早,島村卯月,最上静香,境界を超える絆,,
如月千早,島村卯月,伊吹翼,境界を超える絆,,
如月千早,島村卯月,真壁瑞希,ハイスクールガールズ,,
如月千早,島村卯月,櫻木真乃,ハイスクールガールズ,,
如月千早,島村卯月,風野灯織,ハイスクールガールズ,,
如月千早,島村卯月,八宮めぐる,ハイスクールガールズ,,
如月千早,島村卯月,小宮果穂,境界を超える絆,,
如月千早,島村卯月,花海咲季,ハイスクールガールズ,,
如月千早,島村卯月,月村手毬,ハイスクールガールズ,Celestial Names,
如月千早,島村卯月,藤田ことね,ハイスクールガールズ,,
如月千早,島村卯月,紫雲清夏,ハイスクールガールズ,,
如月千早,渋谷凛,春日未来,境界を超える絆,,
如月千早,渋谷凛,最上静香,Fantasy Scenery,,
如月千早,渋谷凛,伊吹翼,境界を超える絆,,
如月千早,渋谷凛,真壁瑞希,ハイスクールガールズ,,
如月千早,渋谷凛,櫻木真乃,ハイスクールガールズ,,
如月千早,渋谷凛,風野灯織,Fantasy Scenery,ハイスクールガールズ,
如月千早,渋谷凛,八宮めぐる,ハイスクールガールズ,,
如月千早,渋谷凛,小宮果穂,境界を超える絆,,
如月千早,渋谷凛,花海咲季,ハイスクールガールズ,,
如月千早,渋谷凛,月村手毬,Fantasy Scenery,ハイスクールガールズ,
如月千早,渋谷凛,藤田ことね,ハイスクールガールズ,,
如月千早,渋谷凛,紫雲清夏,ハイスクールガールズ,,
如月千早,本田未央,春日未来,境界を超える絆,,
如月千早,本田未央,最上静香,境界を超える絆,,
如月千早,本田未央,伊吹翼,境界を超える絆,,
如月千早,本田未央,真壁瑞希,ハイスクールガールズ,,
如月千早,本田未央,櫻木真乃,ハイスクールガールズ,,
如月千早,本田未央,風野灯織,ハイスクールガールズ,,
如月千早,本田未央,八宮めぐる,ハイスクールガールズ,,
如月千早,本田未央,小宮果穂,境界を超える絆,,
如月千早,本田未央,花海咲季,ハイスクールガールズ,,
如月千早,本田未央,月村手毬,ハイスクールガールズ,,
如月千早,本田未央,藤田ことね,ハイスクールガールズ,,
如月千早,本田未央,紫雲清夏,ハイスクールガールズ,,
如月千早,神崎蘭子,春日未来,境界を超える絆,,
如月千早,神崎蘭子,最上静香,BLOOD TYPE A,,
如月千早,神崎蘭子,伊吹翼,境界を超える絆,,
如月千早,神崎蘭子,真壁瑞希,Autumn Constellations,,
如月千早,神崎蘭子,櫻木真乃,BLOOD TYPE A,,
如月千早,神崎蘭子,風野灯織,BLOOD TYPE A,Autumn Constellations,
如月千早,神崎蘭子,八宮めぐる,境界を超える絆,,
如月千早,神崎蘭子,小宮果穂,BLOOD TYPE A,,
如月千早,神崎蘭子,花海咲季,BLOOD TYPE A,Autumn Constellations,
如月千早,神崎蘭子,月村手毬,境界を超える絆,,
如月千早,神崎蘭子,藤田ことね,境界を超える絆,,
如月千早,神崎蘭子,紫雲清夏,境界を超える絆,,
如月千早,春日未来,最上静香,境界を超える絆,,
如月千早,春日未来,伊吹翼,境界を超える絆,,
如月千早,春日未来,真壁瑞希,境界を超える絆,,
如月千早,最上静香,伊吹翼,境界を超える絆,,
如月千早,最上静香,真壁瑞希,境界を超える絆,,
如月千早,伊吹翼,真壁瑞希,境界を超える絆,,
如月千早,春日未来,櫻木真乃,境界を超える絆,,
如月千早,春日未来,風野灯織,境界を超える絆,,
如月千早,春日未来,八宮めぐる,境界を超える絆,,
如月千早,春日未来,小宮果穂,境界を超える絆,,
如月千早,春日未来,花海咲季,境界を超える絆,,
如月千早,春日未来,月村手毬,Celestial Names,,
如月千早,春日未来,藤田ことね,境界を超える絆,,
如月千早,春日未来,紫雲清夏,境界を超える絆,,
如月千早,最上静香,櫻木真乃,BLOOD TYPE A,,
如月千早,最上静香,風野灯織,Fantasy Scenery,BLOOD TYPE A,
如月千早,最上静香,八宮めぐる,境界を超える絆,,
如月千早,最上静香,小宮果穂,BLOOD TYPE A,,
如月千早,最上静香,花海咲季,BLOOD TYPE A,,
如月千早,最上静香,月村手毬,Fantasy Scenery,,
如月千早,最上静香,藤田ことね,境界を超える絆,,
如月千早,最上静香,紫雲清夏,境界を超える絆,,
如月千早,伊吹翼,櫻木真乃,境界を超える絆,,
如月千早,伊吹翼,風野灯織,境界を超える絆,,
如月千早,伊吹翼,八宮めぐる,境界を超える絆,,
如月千早,伊吹翼,小宮果穂,境界を超える絆,,
如月千早,伊吹翼,花海咲季,境界を超える絆,,
如月千早,伊吹翼,月村手毬,境界を超える絆,,
如月千早,伊吹翼,藤田ことね,境界を超える絆,,
如月千早,伊吹翼,紫雲清夏,境界を超える絆,,
如月千早,真壁瑞希,櫻木真乃,ハイスクールガールズ,,
如月千早,真壁瑞希,風野灯織,ハイスクールガールズ,Autumn Constellations,
如月千早,真壁瑞希,八宮めぐる,ハイスクールガールズ,,
如月千早,真壁瑞希,小宮果穂,境界を超える絆,,
如月千早,真壁瑞希,花海咲季,ハイスクールガールズ,Autumn Constellations,
如月千早,真壁瑞希,月村手毬,ハイスクールガールズ,,
如月千早,真壁瑞希,藤田ことね,ハイスクールガールズ,,
如月千早,真壁瑞希,紫雲清夏,ハイスクールガールズ,,
如月千早,櫻木真乃,風野灯織,ハイスクールガールズ,BLOOD TYPE A,
如月千早,櫻木真乃,八宮めぐる,ハイスクールガールズ,,
如月千早,櫻木真乃,小宮果穂,BLOOD TYPE A,,
如月千早,風野灯織,八宮めぐる,ハイスクールガールズ,,
如月千早,風野灯織,小宮果穂,BLOOD TYPE A,,
如月千早,八宮めぐる,小宮果穂,境界を超える絆,,
如月千早,櫻木真乃,花海咲季,ハイスクールガールズ,BLOOD TYPE A,
如月千早,櫻木真乃,月村手毬,ハイスクールガールズ,,
如月千早,櫻木真乃,藤田ことね,ハイスクールガールズ,,
如月千早,櫻木真乃,紫雲清夏,ハイスクールガールズ,,
如月千早,風野灯織,花海咲季,ハイスクールガールズ,BLOOD TYPE A,Autumn Constellations
如月千早,風野灯織,月村手毬,Fantasy Scenery,ハイスクールガールズ,
如月千早,風野灯織,藤田ことね,ハイスクールガールズ,,
如月千早,風野灯織,紫雲清夏,ハイスクールガールズ,,
如月千早,八宮めぐる,花海咲季,ハイスクールガールズ,,
如月千早,八宮めぐる,月村手毬,ハイスクールガールズ,,
如月千早,八宮めぐる,藤田ことね,ハイスクールガールズ,,
如月千早,八宮めぐる,紫雲清夏,ハイスクールガールズ,,
如月千早,小宮果穂,花海咲季,BLOOD TYPE A,,
如月千早,小宮果穂,月村手毬,境界を超える絆,,
如月千早,小宮果穂,藤田ことね,境界を超える絆,,
如月千早,小宮果穂,紫雲清夏,境界を超える絆,,
如月千早,花海咲季,月村手毬,ハイスクールガールズ,,
如月千早,花海咲季,藤田ことね,ハイスクールガールズ,,
如月千早,花海咲季,紫雲清夏,ハイスクールガールズ,,
如月千早,月村手毬,藤田ことね,ハイスクールガールズ,,
如月千早,月村手毬,紫雲清夏,ハイスクールガールズ,,
如月千早,藤田ことね,紫雲清夏,ハイスクールガールズ,,
星井美希,島村卯月,渋谷凛,境界を超える絆,,
星井美希,島村卯月,本田未央,境界を超える絆,,
星井美希,島村卯月,神崎蘭子,境界を超える絆,,
星井美希,渋谷凛,本田未央,BLOOD TYPE B,,
星井美希,渋谷凛,神崎蘭子,境界を超える絆,,
星井美希,本田未央,神崎蘭子,境界を超える絆,,
星井美希,島村卯月,春日未来,Celestial Names,,
星井美希,島村卯月,最上静香,境界を超える絆,,
星井美希,島村卯月,伊吹翼,境界を超える絆,,
星井美希,島村卯月,真壁瑞希,境界を超える絆,,
星井美希,島村卯月,櫻木真乃,境界を超える絆,,
星井美希,島村卯月,風野灯織,境界を超える絆,,
星井美希,島村卯月,八宮めぐる,境界を超える絆,,
星井美希,島村卯月,小宮果穂,境界を超える絆,,
星井美希,島村卯月,花海咲季,境界を超える絆,,
星井美希,島村卯月,月村手毬,Celestial Names,,
星井美希,島村卯月,藤田ことね,境界を超える絆,,
星井美希,島村卯月,紫雲清夏,境界を超える絆,,
星井美希,渋谷凛,春日未来,境界を超える絆,,
星井美希,渋谷凛,最上静香,境界を超える絆,,
星井美希,渋谷凛,伊吹翼,BLOOD TYPE B,,
星井美希,渋谷凛,真壁瑞希,BLOOD TYPE B,,
星井美希,渋谷凛,櫻木真乃,境界を超える絆,,
星井美希,渋谷凛,風野灯織,境界を超える絆,,
星井美希,渋谷凛,八宮めぐる,境界を超える絆,,
星井美希,渋谷凛,小宮果穂,境界を超える絆,,
星井美希,渋谷凛,花海咲季,境界を超える絆,,
星井美希,渋谷凛,月村手毬,境界を超える絆,,
星井美希,渋谷凛,藤田ことね,境界を超える絆,,
星井美希,渋谷凛,紫雲清夏,境界を超える絆,,
星井美希,本田未央,春日未来,境界を超える絆,,
星井美希,本田未央,最上静香,境界を超える絆,,
星井美希,本田未央,伊吹翼,Dazzling Garden,BLOOD TYPE B,
星井美希,本田未央,真壁瑞希,BLOOD TYPE B,,
星井美希,本田未央,櫻木真乃,境界を超える絆,,
星井美希,本田未央,風野灯織,境界を超える絆,,
星井美希,本田未央,八宮めぐる,Dazzling Garden,,
星井美希,本田未央,小宮果穂,境界を超える絆,,
星井美希,本田未央,花海咲季,境界を超える絆,,
星井美希,本田未央,月村手毬,境界を超える絆,,
星井美希,本田未央,藤田ことね,Dazzling Garden,,
星井美希,本田未央,紫雲清夏,Summer Constellations,,
星井美希,神崎蘭子,春日未来,ジュニアハイスクールガールズ,,
星井美希,神崎蘭子,最上静香,ジュニアハイスクールガールズ,,
星井美希,神崎蘭子,伊吹翼,ジュニアハイスクールガールズ,,
星井美希,神崎蘭子,真壁瑞希,境界を超える絆,,
星井美希,神崎蘭子,櫻木真乃,境界を超える絆,,
星井美希,神崎蘭子,風野灯織,境界を超える絆,,
星井美希,神崎蘭子,八宮めぐる,境界を超える絆,,
星井美希,神崎蘭子,小宮果穂,境界を超える絆,,
星井美希,神崎蘭子,花海咲季,境界を超える絆,,
星井美希,神崎蘭子,月村手毬,境界を超える絆,,
星井美希,神崎蘭子,藤田ことね,境界を超える絆,,
星井美希,神崎蘭子,紫雲清夏,境界を超える絆,,
星井美希,春日未来,最上静香,ジュニアハイスクールガールズ,,
星井美希,春日未来,伊吹翼,ジュニアハイスクールガールズ,,
星井美希,春日未来,真壁瑞希,境界を超える絆,,
星井美希,最上静香,伊吹翼,ジュニアハイスクールガールズ,,
星井美希,最上静香,真壁瑞希,境界を超える絆,,
星井美希,伊吹翼,真壁瑞希,BLOOD TYPE B,,
星井美希,春日未来,櫻木真乃,境界を超える絆,,
星井美希,春日未来,風野灯織,境界を超える絆,,
星井美希,春日未来,八宮めぐる,境界を超える絆,,
星井美希,春日未来,小宮果穂,境界を超える絆,,
星井美希,春日未来,花海咲季,境界を超える絆,,
星井美希,春日未来,月村手毬,Celestial Names,,
星井美希,春日未来,藤田ことね,境界を超える絆,,
星井美希,春日未来,紫雲清夏,境界を超える絆,,
星井美希,最上静香,櫻木真乃,境界を超える絆,,
星井美希,最上静香,風野灯織,境界を超える絆,,
星井美希,最上静香,八宮めぐる,境界を超える絆,,
星井美希,最上静香,小宮果穂,境界を超える絆,,
星井美希,最上静香,花海咲季,境界を超える絆,,
星井美希,最上静香,月村手毬,境界を超える絆,,
星井美希,最上静香,藤田ことね,境界を超える絆,,
星井美希,最上静香,紫雲清夏,境界を超える絆,,
星井美希,伊吹翼,櫻木真乃,境界を超える絆,,
星井美希,伊吹翼,風野灯織,境界を超える絆,,
星井美希,伊吹翼,八宮めぐる,Dazzling Garden,,
星井美希,伊吹翼,小宮果穂,境界を超える絆,,
星井美希,伊吹翼,花海咲季,境界を超える絆,,
星井美希,伊吹翼,月村手毬,境界を超える絆,,
星井美希,伊吹翼,藤田ことね,Dazzling Garden,,
星井美希,伊吹翼,紫雲清夏,境界を超える絆,,
星井美希,真壁瑞希,櫻木真乃,境界を超える絆,,
星井美希,真壁瑞希,風野灯織,境界を超える絆,,
星井美希,真壁瑞希,八宮めぐる,境界を超える絆,,
星井美希,真壁瑞希,小宮果穂,境界を超える絆,,
星井美希,真壁瑞希,花海咲季,境界を超える絆,,
星井美希,真壁瑞希,月村手毬,境界を超える絆,,
星井美希,真壁瑞希,藤田ことね,境界を超える絆,,
星井美希,真壁瑞希,紫雲清夏,境界を超える絆,,
星井美希,櫻木真乃,風野灯織,境界を超える絆,,
星井美希,櫻木真乃,八宮めぐる,境界を超える絆,,
星井美希,櫻木真乃,小宮果穂,境界を超える絆,,
星井美希,風野灯織,八宮めぐる,境界を超える絆,,
星井美希,風野灯織,小宮果穂,境界を超える絆,,
星井美希,八宮めぐる,小宮果穂,境界を超える絆,,
星井美希,櫻木真乃,花海咲季,境界を超える絆,,
星井美希,櫻木真乃,月村手毬,境界を超える絆,,
星井美希,櫻木真乃,藤田ことね,境界を超える絆,,
星井美希,櫻木真乃,紫雲清夏,境界を超える絆,,
星井美希,風野灯織,花海咲季,境界を超える絆,,
星井美希,風野灯織,月村手毬,境界を超える絆,,
星井美希,風野灯織,藤田ことね,境界を超える絆,,
星井美希,風野灯織,紫雲清夏,境界を超える絆,,
星井美希,八宮めぐる,花海咲季,境界を超える絆,,
星井美希,八宮めぐる,月村手毬,境界を超える絆,,
星井美希,八宮めぐる,藤田ことね,Dazzling Garden,,
星井美希,八宮めぐる,紫雲清夏,境界を超える絆,,
星井美希,小宮果穂,花海咲季,境界を超える絆,,
星井美希,小宮果穂,月村手毬,境界を超える絆,,
星井美希,小宮果穂,藤田ことね,境界を超える絆,,
星井美希,小宮果穂,紫雲清夏,境界を超える絆,,
星井美希,花海咲季,月村手毬,境界を超える絆,,
星井美希,花海咲季,藤田ことね,境界を超える絆,,
星井美希,花海咲季,紫雲清夏,境界を超える絆,,
星井美希,月村手毬,藤田ことね,境界を超える絆,,
星井美希,月村手毬,紫雲清夏,境界を超える絆,,
星井美希,藤田ことね,紫雲清夏,境界を超える絆,,
水瀬伊織,島村卯月,渋谷凛,境界を超える絆,,
水瀬伊織,島村卯月,本田未央,境界を超える絆,,
水瀬伊織,島村卯月,神崎蘭子,境界を超える絆,,
水瀬伊織,渋谷凛,本田未央,Strollers,,
水瀬伊織,渋谷凛,神崎蘭子,境界を超える絆,,
水瀬伊織,本田未央,神崎蘭子,境界を超える絆,,
水瀬伊織,島村卯月,春日未来,境界を超える絆,,
水瀬伊織,島村卯月,最上静香,境界を超える絆,,
水瀬伊織,島村卯月,伊吹翼,境界を超える絆,,
水瀬伊織,島村卯月,真壁瑞希,境界を超える絆,,
水瀬伊織,島村卯月,櫻木真乃,Winter Constellations,,
水瀬伊織,島村卯月,風野灯織,境界を超える絆,,
水瀬伊織,島村卯月,八宮めぐる,境界を超える絆,,
水瀬伊織,島村卯月,小宮果穂,境界を超える絆,,
水瀬伊織,島村卯月,花海咲季,境界を超える絆,,
水瀬伊織,島村卯月,月村手毬,Winter Constellations,,
水瀬伊織,島村卯月,藤田ことね,Winter Constellations,,
水瀬伊織,島村卯月,紫雲清夏,境界を超える絆,,
水瀬伊織,渋谷凛,春日未来,境界を超える絆,,
水瀬伊織,渋谷凛,最上静香,境界を超える絆,,
水瀬伊織,渋谷凛,伊吹翼,境界を超える絆,,
水瀬伊織,渋谷凛,真壁瑞希,境界を超える絆,,
水瀬伊織,渋谷凛,櫻木真乃,Strollers,,
水瀬伊織,渋谷凛,風野灯織,Strollers,,
水瀬伊織,渋谷凛,八宮めぐる,境界を超える絆,,
水瀬伊織,渋谷凛,小宮果穂,Dog Lover,,
水瀬伊織,渋谷凛,花海咲季,境界を超える絆,,
水瀬伊織,渋谷凛,月村手毬,境界を超える絆,,
水瀬伊織,渋谷凛,藤田ことね,境界を超える絆,,
水瀬伊織,渋谷凛,紫雲清夏,境界を超える絆,,
水瀬伊織,本田未央,春日未来,境界を超える絆,,
水瀬伊織,本田未央,最上静香,境界を超える絆,,
水瀬伊織,本田未央,伊吹翼,境界を超える絆,,
水瀬伊織,本田未央,真壁瑞希,境界を超える絆,,
水瀬伊織,本田未央,櫻木真乃,Strollers,,
水瀬伊織,本田未央,風野灯織,Strollers,,
水瀬伊織,本田未央,八宮めぐる,境界を超える絆,,
水瀬伊織,本田未央,小宮果穂,境界を超える絆,,
水瀬伊織,本田未央,花海咲季,境界を超える絆,,
水瀬伊織,本田未央,月村手毬,境界を超える絆,,
水瀬伊織,本田未央,藤田ことね,境界を超える絆,,
水瀬伊織,本田未央,紫雲清夏,境界を超える絆,,
水瀬伊織,神崎蘭子,春日未来,ジュニアハイスクールガールズ,,
水瀬伊織,神崎蘭子,最上静香,ジュニアハイスクールガールズ,,
水瀬伊織,神崎蘭子,伊吹翼,ジュニアハイスクールガールズ,,
水瀬伊織,神崎蘭子,真壁瑞希,境界を超える絆,,
水瀬伊織,神崎蘭子,櫻木真乃,境界を超える絆,,
水瀬伊織,神崎蘭子,風野灯織,境界を超える絆,,
水瀬伊織,神崎蘭子,八宮めぐる,境界を超える絆,,
水瀬伊織,神崎蘭子,小宮果穂,境界を超える絆,,
水瀬伊織,神崎蘭子,花海咲季,境界を超える絆,,
水瀬伊織,神崎蘭子,月村手毬,境界を超える絆,,
水瀬伊織,神崎蘭子,藤田ことね,境界を超える絆,,
水瀬伊織,神崎蘭子,紫雲清夏,境界を超える絆,,
水瀬伊織,春日未来,最上静香,ジュニアハイスクールガールズ,,
水瀬伊織,春日未来,伊吹翼,ジュニアハイスクールガールズ,,
水瀬伊織,春日未来,真壁瑞希,境界を超える絆,,
水瀬伊織,最上静香,伊吹翼,ジュニアハイスクールガールズ,,
水瀬伊織,最上静香,真壁瑞希,境界を超える絆,,
水瀬伊織,伊吹翼,真壁瑞希,境界を超える絆,,
水瀬伊織,春日未来,櫻木真乃,境界を超える絆,,
水瀬伊織,春日未来,風野灯織,境界を超える絆,,
水瀬伊織,春日未来,八宮めぐる,境界を超える絆,,
水瀬伊織,春日未来,小宮果穂,境界を超える絆,,
水瀬伊織,春日未来,花海咲季,境界を超える絆,,
水瀬伊織,春日未来,月村手毬,境界を超える絆,,
水瀬伊織,春日未来,藤田ことね,境界を超える絆,,
水瀬伊織,春日未来,紫雲清夏,境界を超える絆,,
水瀬伊織,最上静香,櫻木真乃,境界を超える絆,,
水瀬伊織,最上静香,風野灯織,境界を超える絆,,
水瀬伊織,最上静香,八宮めぐる,境界を超える絆,,
水瀬伊織,最上静香,小宮果穂,境界を超える絆,,
水瀬伊織,最上静香,花海咲季,境界を超える絆,,
水瀬伊織,最上静香,月村手毬,境界を超える絆,,
水瀬伊織,最上静香,藤田ことね,境界を超える絆,,
水瀬伊織,最上静香,紫雲清夏,境界を超える絆,,
水瀬伊織,伊吹翼,櫻木真乃,境界を超える絆,,
水瀬伊織,伊吹翼,風野灯織,境界を超える絆,,
水瀬伊織,伊吹翼,八宮めぐる,境界を超える絆,,
水瀬伊織,伊吹翼,小宮果穂,境界を超える絆,,
水瀬伊織,伊吹翼,花海咲季,境界を超える絆,,
水瀬伊織,伊吹翼,月村手毬,境界を超える絆,,
水瀬伊織,伊吹翼,藤田ことね,境界を超える絆,,
水瀬伊織,伊吹翼,紫雲清夏,境界を超える絆,,
水瀬伊織,真壁瑞希,櫻木真乃,境界を超える絆,,
水瀬伊織,真壁瑞希,風野灯織,境界を超える絆,,
水瀬伊織,真壁瑞希,八宮めぐる,境界を超える絆,,
水瀬伊織,真壁瑞希,小宮果穂,境界を超える絆,,
水瀬伊織,真壁瑞希,花海咲季,境界を超える絆,,
水瀬伊織,真壁瑞希,月村手毬,境界を超える絆,,
水瀬伊織,真壁瑞希,藤田ことね,境界を超える絆,,
水瀬伊織,真壁瑞希,紫雲清夏,境界を超える絆,,
水瀬伊織,櫻木真乃,風野灯織,Strollers,,
水瀬伊織,櫻木真乃,八宮めぐる,境界を超える絆,,
水瀬伊織,櫻木真乃,小宮果穂,境界を超える絆,,
水瀬伊織,風野灯織,八宮めぐる,境界を超える絆,,
水瀬伊織,風野灯織,小宮果穂,境界を超える絆,,
水瀬伊織,八宮めぐる,小宮果穂,境界を超える絆,,
水瀬伊織,櫻木真乃,花海咲季,境界を超える絆,,
水瀬伊織,櫻木真乃,月村手毬,Winter Constellations,,
水瀬伊織,櫻木真乃,藤田ことね,Winter Constellations,,
水瀬伊織,櫻木真乃,紫雲清夏,境界を超える絆,,
水瀬伊織,風野灯織,花海咲季,境界を超える絆,,
水瀬伊織,風野灯織,月村手毬,境界を超える絆,,
水瀬伊織,風野灯織,藤田ことね,境界を超える絆,,
水瀬伊織,風野灯織,紫雲清夏,境界を超える絆,,
水瀬伊織,八宮めぐる,花海咲季,境界を超える絆,,
水瀬伊織,八宮めぐる,月村手毬,境界を超える絆,,
水瀬伊織,八宮めぐる,藤田ことね,境界を超える絆,,
水瀬伊織,八宮めぐる,紫雲清夏,境界を超える絆,,
水瀬伊織,小宮果穂,花海咲季,境界を超える絆,,
水瀬伊織,小宮果穂,月村手毬,境界を超える絆,,
水瀬伊織,小宮果穂,藤田ことね,境界を超える絆,,
水瀬伊織,小宮果穂,紫雲清夏,境界を超える絆,,
水瀬伊織,花海咲季,月村手毬,境界を超える絆,,
水瀬伊織,花海咲季,藤田ことね,境界を超える絆,,
水瀬伊織,花海咲季,紫雲清夏,境界を超える絆,,
水瀬伊織,月村手毬,藤田ことね,Winter Constellations,,
水瀬伊織,月村手毬,紫雲清夏,境界を超える絆,,
水瀬伊織,藤田ことね,紫雲清夏,境界を超える絆,,
島村卯月,渋谷凛,本田未央,ガラスの靴の舞踏会,ハイスクールガールズ,
島村卯月,渋谷凛,神崎蘭子,ガラスの靴の舞踏会,,
島村卯月,本田未央,神崎蘭子,ガラスの靴の舞踏会,,
渋谷凛,本田未央,神崎蘭子,ガラスの靴の舞踏会,,
島村卯月,渋谷凛,春日未来,境界を超える絆,,
島村卯月,渋谷凛,最上静香,境界を超える絆,,
島村卯月,渋谷凛,伊吹翼,境界を超える絆,,
島村卯月,渋谷凛,真壁瑞希,ハイスクールガールズ,,
島村卯月,渋谷凛,櫻木真乃,ハイスクールガールズ,,
島村卯月,渋谷凛,風野灯織,ハイスクールガールズ,,
島村卯月,渋谷凛,八宮めぐる,ハイスクールガールズ,,
島村卯月,渋谷凛,小宮果穂,境界を超える絆,,
島村卯月,渋谷凛,花海咲季,ハイスクールガールズ,,
島村卯月,渋谷凛,月村手毬,ハイスクールガールズ,,
島村卯月,渋谷凛,藤田ことね,ハイスクールガールズ,,
島村卯月,渋谷凛,紫雲清夏,ハイスクールガールズ,,
島村卯月,本田未央,春日未来,境界を超える絆,,
島村卯月,本田未央,最上静香,境界を超える絆,,
島村卯月,本田未央,伊吹翼,境界を超える絆,,
島村卯月,本田未央,真壁瑞希,ハイスクールガールズ,,
島村卯月,本田未央,櫻木真乃,ハイスクールガールズ,,
島村卯月,本田未央,風野灯織,ハイスクールガールズ,,
島村卯月,本田未央,八宮めぐる,ハイスクールガールズ,,
島村卯月,本田未央,小宮果穂,境界を超える絆,,
島村卯月,本田未央,花海咲季,ハイスクールガールズ,,
島村卯月,本田未央,月村手毬,ハイスクールガールズ,,
島村卯月,本田未央,藤田ことね,ハイスクールガールズ,,
島村卯月,本田未央,紫雲清夏,ハイスクールガールズ,,
島村卯月,神崎蘭子,春日未来,境界を超える絆,,
島村卯月,神崎蘭子,最上静香,境界を超える絆,,
島村卯月,神崎蘭子,伊吹翼,境界を超える絆,,
島村卯月,神崎蘭子,真壁瑞希,境界を超える絆,,
島村卯月,神崎蘭子,櫻木真乃,Birth of April,,
島村卯月,神崎蘭子,風野灯織,境界を超える絆,,
島村卯月,神崎蘭子,八宮めぐる,境界を超える絆,,
島村卯月,神崎蘭子,小宮果穂,境界を超える絆,,
島村卯月,神崎蘭子,花海咲季,Birth of April,,
島村卯月,神崎蘭子,月村手毬,境界を超える絆,,
島村卯月,神崎蘭子,藤田ことね,Birth of April,,
島村卯月,神崎蘭子,紫雲清夏,境界を超える絆,,
渋谷凛,本田未央,春日未来,境界を超える絆,,
渋谷凛,本田未央,最上静香,境界を超える絆,,
渋谷凛,本田未央,伊吹翼,BLOOD TYPE B,,
渋谷凛,本田未央,真壁瑞希,ハイスクールガールズ,BLOOD TYPE B,
渋谷凛,本田未央,櫻木真乃,ハイスクールガールズ,Strollers,
渋谷凛,本田未央,風野灯織,ハイスクールガールズ,Strollers,
渋谷凛,本田未央,八宮めぐる,ハイスクールガールズ,,
渋谷凛,本田未央,小宮果穂,境界を超える絆,,
渋谷凛,本田未央,花海咲季,ハイスクールガールズ,,
渋谷凛,本田未央,月村手毬,ハイスクールガールズ,,
渋谷凛,本田未央,藤田ことね,ハイスクールガールズ,,
渋谷凛,本田未央,紫雲清夏,ハイスクールガールズ,,
渋谷凛,神崎蘭子,春日未来,境界を超える絆,,
渋谷凛,神崎蘭子,最上静香,境界を超える絆,,
渋谷凛,神崎蘭子,伊吹翼,境界を超える絆,,
渋谷凛,神崎蘭子,真壁瑞希,境界を超える絆,,
渋谷凛,神崎蘭子,櫻木真乃,境界を超える絆,,
渋谷凛,神崎蘭子,風野灯織,境界を超える絆,,
渋谷凛,神崎蘭子,八宮めぐる,境界を超える絆,,
渋谷凛,神崎蘭子,小宮果穂,境界を超える絆,,
渋谷凛,神崎蘭子,花海咲季,境界を超える絆,,
渋谷凛,神崎蘭子,月村手毬,境界を超える絆,,
渋谷凛,神崎蘭子,藤田ことね,境界を超える絆,,
渋谷凛,神崎蘭子,紫雲清夏,境界を超える絆,,
本田未央,神崎蘭子,春日未来,境界を超える絆,,
本田未央,神崎蘭子,最上静香,境界を超える絆,,
本田未央,神崎蘭子,伊吹翼,境界を超える絆,,
本田未央,神崎蘭子,真壁瑞希,境界を超える絆,,
本田未央,神崎蘭子,櫻木真乃,境界を超える絆,,
本田未央,神崎蘭子,風野灯織,境界を超える絆,,
本田未央,神崎蘭子,八宮めぐる,境界を超える絆,,
本田未央,神崎蘭子,小宮果穂,境界を超える絆,,
本田未央,神崎蘭子,花海咲季,境界を超える絆,,
本田未央,神崎蘭子,月村手毬,境界を超える絆,,
本田未央,神崎蘭子,藤田ことね,境界を超える絆,,
本田未央,神崎蘭子,紫雲清夏,境界を超える絆,,
島村卯月,春日未来,最上静香,境界を超える絆,,
島村卯月,春日未来,伊吹翼,境界を超える絆,,
島村卯月,春日未来,真壁瑞希,境界を超える絆,,
島村卯月,最上静香,伊吹翼,境界を超える絆,,
島村卯月,最上静香,真壁瑞希,境界を超える絆,,
島村卯月,伊吹翼,真壁瑞希,境界を超える絆,,
島村卯月,春日未来,櫻木真乃,Brilliant World,,
島村卯月,春日未来,風野灯織,境界を超える絆,,
島村卯月,春日未来,八宮めぐる,BLOOD TYPE O,,
島村卯月,春日未来,小宮果穂,境界を超える絆,,
島村卯月,春日未来,花海咲季,Brilliant World,,
島村卯月,春日未来,月村手毬,Celestial Names,,
島村卯月,春日未来,藤田ことね,BLOOD TYPE O,,
島村卯月,春日未来,紫雲清夏,BLOOD TYPE O,,
島村卯月,最上静香,櫻木真乃,境界を超える絆,,
島村卯月,最上静香,風野灯織,境界を超える絆,,
島村卯月,最上静香,八宮めぐる,境界を超える絆,,
島村卯月,最上静香,小宮果穂,境界を超える絆,,
島村卯月,最上静香,花海咲季,境界を超える絆,,
島村卯月,最上静香,月村手毬,境界を超える絆,,
島村卯月,最上静香,藤田ことね,境界を超える絆,,
島村卯月,最上静香,紫雲清夏,境界を超える絆,,
島村卯月,伊吹翼,櫻木真乃,境界を超える絆,,
島村卯月,伊吹翼,風野灯織,境界を超える絆,,
島村卯月,伊吹翼,八宮めぐる,境界を超える絆,,
島村卯月,伊吹翼,小宮果穂,境界を超える絆,,
島村卯月,伊吹翼,花海咲季,境界を超える絆,,
島村卯月,伊吹翼,月村手毬,境界を超える絆,,
島村卯月,伊吹翼,藤田ことね,境界を超える絆,,
島村卯月,伊吹翼,紫雲清夏,境界を超える絆,,
島村卯月,真壁瑞希,櫻木真乃,ハイスクールガールズ,,
島村卯月,真壁瑞希,風野灯織,ハイスクールガールズ,,
島村卯月,真壁瑞希,八宮めぐる,ハイスクールガールズ,,
島村卯月,真壁瑞希,小宮果穂,境界を超える絆,,
島村卯月,真壁瑞希,花海咲季,ハイスクールガールズ,,
島村卯月,真壁瑞希,月村手毬,ハイスクールガールズ,,
島村卯月,真壁瑞希,藤田ことね,ハイスクールガールズ,,
島村卯月,真壁瑞希,紫雲清夏,ハイスクールガールズ,,
島村卯月,櫻木真乃,風野灯織,ハイスクールガールズ,,
島村卯月,櫻木真乃,八宮めぐる,ハイスクールガールズ,,
島村卯月,櫻木真乃,小宮果穂,境界を超える絆,,
島村卯月,風野灯織,八宮めぐる,ハイスクールガールズ,,
島村卯月,風野灯織,小宮果穂,境界を超える絆,,
島村卯月,八宮めぐる,小宮果穂,境界を超える絆,,
島村卯月,櫻木真乃,花海咲季,Brilliant World,ハイスクールガールズ,Birth of April
島村卯月,櫻木真乃,月村手毬,ハイスクールガールズ,Winter Constellations,
島村卯月,櫻木真乃,藤田ことね,ハイスクールガールズ,Birth of April,Winter Constellations
島村卯月,櫻木真乃,紫雲清夏,ハイスクールガールズ,,
島村卯月,風野灯織,花海咲季,ハイスクールガールズ,,
島村卯月,風野灯織,月村手毬,ハイスクールガールズ,,
島村卯月,風野灯織,藤田ことね,ハイスクールガールズ,,
島村卯月,風野灯織,紫雲清夏,ハイスクールガールズ,,
島村卯月,八宮めぐる,花海咲季,ハイスクールガールズ,,
島村卯月,八宮めぐる,月村手毬,ハイスクールガールズ,,
島村卯月,八宮めぐる,藤田ことね,ハイスクールガールズ,BLOOD TYPE O,
島村卯月,八宮めぐる,紫雲清夏,ハイスクールガールズ,BLOOD TYPE O,
島村卯月,小宮果穂,花海咲季,境界を超える絆,,
島村卯月,小宮果穂,月村手毬,境界を超える絆,,
島村卯月,小宮果穂,藤田ことね,境界を超える絆,,
島村卯月,小宮果穂,紫雲清夏,境界を超える絆,,
島村卯月,花海咲季,月村手毬,ハイスクールガールズ,,
島村卯月,花海咲季,藤田ことね,ハイスクールガールズ,Birth of April,
島村卯月,花海咲季,紫雲清夏,ハイスクールガールズ,,
島村卯月,月村手毬,藤田ことね,ハイスクールガールズ,Winter Constellations,
島村卯月,月村手毬,紫雲清夏,ハイスクールガールズ,,
島村卯月,藤田ことね,紫雲清夏,ハイスクールガールズ,BLOOD TYPE O,
渋谷凛,春日未来,最上静香,Spring Constellations,,
渋谷凛,春日未来,伊吹翼,Spring Constellations,,
渋谷凛,春日未来,真壁瑞希,境界を超える絆,,
渋谷凛,最上静香,伊吹翼,Spring Constellations,,
渋谷凛,最上静香,真壁瑞希,境界を超える絆,,
渋谷凛,伊吹翼,真壁瑞希,BLOOD TYPE B,,
渋谷凛,春日未来,櫻木真乃,境界を超える絆,,
渋谷凛,春日未来,風野灯織,境界を超える絆,,
渋谷凛,春日未来,八宮めぐる,Spring Constellations,,
渋谷凛,春日未来,小宮果穂,Spring Constellations,,
渋谷凛,春日未来,花海咲季,境界を超える絆,,
渋谷凛,春日未来,月村手毬,境界を超える絆,,
渋谷凛,春日未来,藤田ことね,境界を超える絆,,
渋谷凛,春日未来,紫雲清夏,境界を超える絆,,
渋谷凛,最上静香,櫻木真乃,境界を超える絆,,
渋谷凛,最上静香,風野灯織,Fantasy Scenery,,
渋谷凛,最上静香,八宮めぐる,Spring Constellations,,
渋谷凛,最上静香,小宮果穂,Spring Constellations,,
渋谷凛,最上静香,花海咲季,境界を超える絆,,
渋谷凛,最上静香,月村手毬,Fantasy Scenery,,
渋谷凛,最上静香,藤田ことね,境界を超える絆,,
渋谷凛,最上静香,紫雲清夏,境界を超える絆,,
渋谷凛,伊吹翼,櫻木真乃,境界を超える絆,,
渋谷凛,伊吹翼,風野灯織,境界を超える絆,,
渋谷凛,伊吹翼,八宮めぐる,Spring Constellations,,
渋谷凛,伊吹翼,小宮果穂,Spring Constellations,,
渋谷凛,伊吹翼,花海咲季,境界を超える絆,,
渋谷凛,伊吹翼,月村手毬,境界を超える絆,,
渋谷凛,伊吹翼,藤田ことね,境界を超える絆,,
渋谷凛,伊吹翼,紫雲清夏,境界を超える絆,,
渋谷凛,真壁瑞希,櫻木真乃,ハイスクールガールズ,,
渋谷凛,真壁瑞希,風野灯織,ハイスクールガールズ,,
渋谷凛,真壁瑞希,八宮めぐる,ハイスクールガールズ,,
渋谷凛,真壁瑞希,小宮果穂,境界を超える絆,,
渋谷凛,真壁瑞希,花海咲季,ハイスクールガールズ,,
渋谷凛,真壁瑞希,月村手毬,ハイスクールガールズ,,
渋谷凛,真壁瑞希,藤田ことね,ハイスクールガールズ,,
渋谷凛,真壁瑞希,紫雲清夏,ハイスクールガールズ,,
渋谷凛,櫻木真乃,風野灯織,ハイスクールガールズ,Strollers,
渋谷凛,櫻木真乃,八宮めぐる,ハイスクールガールズ,,
渋谷凛,櫻木真乃,小宮果穂,境界を超える絆,,
渋谷凛,風野灯織,八宮めぐる,ハイスクールガールズ,,
渋谷凛,風野灯織,小宮果穂,境界を超える絆,,
渋谷凛,八宮めぐる,小宮果穂,Spring Constellations,,
渋谷凛,櫻木真乃,花海咲季,ハイスクールガールズ,,
渋谷凛,櫻木真乃,月村手毬,ハイスクールガールズ,,
渋谷凛,櫻木真乃,藤田ことね,ハイスクールガールズ,,
渋谷凛,櫻木真乃,紫雲清夏,ハイスクールガールズ,,
渋谷凛,風野灯織,花海咲季,ハイスクールガールズ,,
渋谷凛,風野灯織,月村手毬,Fantasy Scenery,ハイスクールガールズ,
渋谷凛,風野灯織,藤田ことね,ハイスクールガールズ,,
渋谷凛,風野灯織,紫雲清夏,ハイスクールガールズ,,
渋谷凛,八宮めぐる,花海咲季,ハイスクールガールズ,,
渋谷凛,八宮めぐる,月村手毬,ハイスクールガールズ,,
渋谷凛,八宮めぐる,藤田ことね,ハイスクールガールズ,,
渋谷凛,八宮めぐる,紫雲清夏,ハイスクールガールズ,,
渋谷凛,小宮果穂,花海咲季,境界を超える絆,,
渋谷凛,小宮果穂,月村手毬,境界を超える絆,,
渋谷凛,小宮果穂,藤田ことね,境界を超える絆,,
渋谷凛,小宮果穂,紫雲清夏,境界を超える絆,,
渋谷凛,花海咲季,月村手毬,ハイスクールガールズ,,
渋谷凛,花海咲季,藤田ことね,ハイスクールガールズ,,
渋谷凛,花海咲季,紫雲清夏,ハイスクールガールズ,,
渋谷凛,月村手毬,藤田ことね,ハイスクールガールズ,,
渋谷凛,月村手毬,紫雲清夏,ハイスクールガールズ,,
渋谷凛,藤田ことね,紫雲清夏,ハイスクールガールズ,,
本田未央,春日未来,最上静香,境界を超える絆,,
本田未央,春日未来,伊吹翼,境界を超える絆,,
本田未央,春日未来,真壁瑞希,境界を超える絆,,
本田未央,最上静香,伊吹翼,境界を超える絆,,
本田未央,最上静香,真壁瑞希,境界を超える絆,,
本田未央,伊吹翼,真壁瑞希,BLOOD TYPE B,,
本田未央,春日未来,櫻木真乃,境界を超える絆,,
本田未央,春日未来,風野灯織,境界を超える絆,,
本田未央,春日未来,八宮めぐる,境界を超える絆,,
本田未央,春日未来,小宮果穂,境界を超える絆,,
本田未央,春日未来,花海咲季,境界を超える絆,,
本田未央,春日未来,月村手毬,境界を超える絆,,
本田未央,春日未来,藤田ことね,境界を超える絆,,
本田未央,春日未来,紫雲清夏,境界を超える絆,,
本田未央,最上静香,櫻木真乃,境界を超える絆,,
本田未央,最上静香,風野灯織,境界を超える絆,,
本田未央,最上静香,八宮めぐる,境界を超える絆,,
本田未央,最上静香,小宮果穂,境界を超える絆,,
本田未央,最上静香,花海咲季,境界を超える絆,,
本田未央,最上静香,月村手毬,境界を超える絆,,
本田未央,最上静香,藤田ことね,境界を超える絆,,
本田未央,最上静香,紫雲清夏,境界を超える絆,,
本田未央,伊吹翼,櫻木真乃,境界を超える絆,,
本田未央,伊吹翼,風野灯織,境界を超える絆,,
本田未央,伊吹翼,八宮めぐる,Dazzling Garden,,
本田未央,伊吹翼,小宮果穂,境界を超える絆,,
本田未央,伊吹翼,花海咲季,境界を超える絆,,
本田未央,伊吹翼,月村手毬,境界を超える絆,,
本田未央,伊吹翼,藤田ことね,Dazzling Garden,,
本田未央,伊吹翼,紫雲清夏,境界を超える絆,,
本田未央,真壁瑞希,櫻木真乃,ハイスクールガールズ,,
本田未央,真壁瑞希,風野灯織,ハイスクールガールズ,,
本田未央,真壁瑞希,八宮めぐる,ハイスクールガールズ,,
本田未央,真壁瑞希,小宮果穂,境界を超える絆,,
本田未央,真壁瑞希,花海咲季,ハイスクールガールズ,,
本田未央,真壁瑞希,月村手毬,ハイスクールガールズ,,
本田未央,真壁瑞希,藤田ことね,ハイスクールガールズ,,
本田未央,真壁瑞希,紫雲清夏,ハイスクールガールズ,,
本田未央,櫻木真乃,風野灯織,ハイスクールガールズ,Strollers,
本田未央,櫻木真乃,八宮めぐる,ハイスクールガールズ,,
本田未央,櫻木真乃,小宮果穂,境界を超える絆,,
本田未央,風野灯織,八宮めぐる,ハイスクールガールズ,,
本田未央,風野灯織,小宮果穂,境界を超える絆,,
本田未央,八宮めぐる,小宮果穂,境界を超える絆,,
本田未央,櫻木真乃,花海咲季,ハイスクールガールズ,,
本田未央,櫻木真乃,月村手毬,ハイスクールガールズ,,
本田未央,櫻木真乃,藤田ことね,ハイスクールガールズ,,
本田未央,櫻木真乃,紫雲清夏,ハイスクールガールズ,,
本田未央,風野灯織,花海咲季,ハイスクールガールズ,,
本田未央,風野灯織,月村手毬,ハイスクールガールズ,,
本田未央,風野灯織,藤田ことね,ハイスクールガールズ,,
本田未央,風野灯織,紫雲清夏,ハイスクールガールズ,,
本田未央,八宮めぐる,花海咲季,ハイスクールガールズ,,
本田未央,八宮めぐる,月村手毬,ハイスクールガールズ,,
本田未央,八宮めぐる,藤田ことね,Dazzling Garden,ハイスクールガールズ,
本田未央,八宮めぐる,紫雲清夏,ハイスクールガールズ,,
本田未央,小宮果穂,花海咲季,境界を超える絆,,
本田未央,小宮果穂,月村手毬,境界を超える絆,,
本田未央,小宮果穂,藤田ことね,境界を超える絆,,
本田未央,小宮果穂,紫雲清夏,境界を超える絆,,
本田未央,花海咲季,月村手毬,ハイスクールガールズ,,
本田未央,花海咲季,藤田ことね,ハイスクールガールズ,,
本田未央,花海咲季,紫雲清夏,ハイスクールガールズ,,
本田未央,月村手毬,藤田ことね,ハイスクールガールズ,,
本田未央,月村手毬,紫雲清夏,ハイスクールガールズ,,
本田未央,藤田ことね,紫雲清夏,ハイスクールガールズ,,
神崎蘭子,春日未来,最上静香,ジュニアハイスクールガールズ,,
神崎蘭子,春日未来,伊吹翼,ジュニアハイスクールガールズ,,
神崎蘭子,春日未来,真壁瑞希,境界を超える絆,,
神崎蘭子,最上静香,伊吹翼,ジュニアハイスクールガールズ,,
神崎蘭子,最上静香,真壁瑞希,境界を超える絆,,
神崎蘭子,伊吹翼,真壁瑞希,境界を超える絆,,
神崎蘭子,春日未来,櫻木真乃,境界を超える絆,,
神崎蘭子,春日未来,風野灯織,境界を超える絆,,
神崎蘭子,春日未来,八宮めぐる,境界を超える絆,,
神崎蘭子,春日未来,小宮果穂,境界を超える絆,,
神崎蘭子,春日未来,花海咲季,境界を超える絆,,
神崎蘭子,春日未来,月村手毬,境界を超える絆,,
神崎蘭子,春日未来,藤田ことね,境界を超える絆,,
神崎蘭子,春日未来,紫雲清夏,境界を超える絆,,
神崎蘭子,最上静香,櫻木真乃,BLOOD TYPE A,,
神崎蘭子,最上静香,風野灯織,BLOOD TYPE A,,
神崎蘭子,最上静香,八宮めぐる,境界を超える絆,,
神崎蘭子,最上静香,小宮果穂,BLOOD TYPE A,,
神崎蘭子,最上静香,花海咲季,BLOOD TYPE A,,
神崎蘭子,最上静香,月村手毬,境界を超える絆,,
神崎蘭子,最上静香,藤田ことね,境界を超える絆,,
神崎蘭子,最上静香,紫雲清夏,境界を超える絆,,
神崎蘭子,伊吹翼,櫻木真乃,境界を超える絆,,
神崎蘭子,伊吹翼,風野灯織,境界を超える絆,,
神崎蘭子,伊吹翼,八宮めぐる,境界を超える絆,,
神崎蘭子,伊吹翼,小宮果穂,境界を超える絆,,
神崎蘭子,伊吹翼,花海咲季,境界を超える絆,,
神崎蘭子,伊吹翼,月村手毬,境界を超える絆,,
神崎蘭子,伊吹翼,藤田ことね,境界を超える絆,,
神崎蘭子,伊吹翼,紫雲清夏,境界を超える絆,,
神崎蘭子,真壁瑞希,櫻木真乃,境界を超える絆,,
神崎蘭子,真壁瑞希,風野灯織,Autumn Constellations,,
神崎蘭子,真壁瑞希,八宮めぐる,境界を超える絆,,
神崎蘭子,真壁瑞希,小宮果穂,境界を超える絆,,
神崎蘭子,真壁瑞希,花海咲季,Autumn Constellations,,
神崎蘭子,真壁瑞希,月村手毬,境界を超える絆,,
神崎蘭子,真壁瑞希,藤田ことね,境界を超える絆,,
神崎蘭子,真壁瑞希,紫雲清夏,境界を超える絆,,
神崎蘭子,櫻木真乃,風野灯織,BLOOD TYPE A,,
神崎蘭子,櫻木真乃,八宮めぐる,境界を超える絆,,
神崎蘭子,櫻木真乃,小宮果穂,BLOOD TYPE A,,
神崎蘭子,風野灯織,八宮めぐる,境界を超える絆,,
神崎蘭子,風野灯織,小宮果穂,BLOOD TYPE A,,
神崎蘭子,八宮めぐる,小宮果穂,境界を超える絆,,
神崎蘭子,櫻木真乃,花海咲季,BLOOD TYPE A,Birth of April,百花繚乱
神崎蘭子,櫻木真乃,月村手毬,境界を超える絆,,
神崎蘭子,櫻木真乃,藤田ことね,Birth of April,百花繚乱,
神崎蘭子,櫻木真乃,紫雲清夏,境界を超える絆,,
神崎蘭子,風野灯織,花海咲季,BLOOD TYPE A,Autumn Constellations,
神崎蘭子,風野灯織,月村手毬,境界を超える絆,,
神崎蘭子,風野灯織,藤田ことね,境界を超える絆,,
神崎蘭子,風野灯織,紫雲清夏,境界を超える絆,,
神崎蘭子,八宮めぐる,花海咲季,境界を超える絆,,
神崎蘭子,八宮めぐる,月村手毬,境界を超える絆,,
神崎蘭子,八宮めぐる,藤田ことね,境界を超える絆,,
神崎蘭子,八宮めぐる,紫雲清夏,境界を超える絆,,
神崎蘭子,小宮果穂,花海咲季,BLOOD TYPE A,,
神崎蘭子,小宮果穂,月村手毬,境界を超える絆,,
神崎蘭子,小宮果穂,藤田ことね,境界を超える絆,,
神崎蘭子,小宮果穂,紫雲清夏,境界を超える絆,,
神崎蘭子,花海咲季,月村手毬,境界を超える絆,,
神崎蘭子,花海咲季,藤田ことね,Birth of April,百花繚乱,
神崎蘭子,花海咲季,紫雲清夏,境界を超える絆,,
神崎蘭子,月村手毬,藤田ことね,境界を超える絆,,
神崎蘭子,月村手毬,紫雲清夏,境界を超える絆,,
神崎蘭子,藤田ことね,紫雲清夏,境界を超える絆,,
春日未来,最上静香,伊吹翼,100万パワー,ジュニアハイスクールガールズ,Spring Constellations
春日未来,最上静香,真壁瑞希,100万パワー,,
春日未来,伊吹翼,真壁瑞希,100万パワー,,
最上静香,伊吹翼,真壁瑞希,100万パワー,,
春日未来,最上静香,櫻木真乃,境界を超える絆,,
春日未来,最上静香,風野灯織,境界を超える絆,,
春日未来,最上静香,八宮めぐる,Spring Constellations,,
春日未来,最上静香,小宮果穂,Spring Constellations,,
春日未来,最上静香,花海咲季,境界を超える絆,,
春日未来,最上静香,月村手毬,境界を超える絆,,
春日未来,最上静香,藤田ことね,境界を超える絆,,
春日未来,最上静香,紫雲清夏,境界を超える絆,,
春日未来,伊吹翼,櫻木真乃,境界を超える絆,,
春日未来,伊吹翼,風野灯織,境界を超える絆,,
春日未来,伊吹翼,八宮めぐる,Spring Constellations,,
春日未来,伊吹翼,小宮果穂,Spring Constellations,,
春日未来,伊吹翼,花海咲季,境界を超える絆,,
春日未来,伊吹翼,月村手毬,境界を超える絆,,
春日未来,伊吹翼,藤田ことね,境界を超える絆,,
春日未来,伊吹翼,紫雲清夏,境界を超える絆,,
春日未来,真壁瑞希,櫻木真乃,境界を超える絆,,
春日未来,真壁瑞希,風野灯織,境界を超える絆,,
春日未来,真壁瑞希,八宮めぐる,境界を超える絆,,
春日未来,真壁瑞希,小宮果穂,境界を超える絆,,
春日未来,真壁瑞希,花海咲季,境界を超える絆,,
春日未来,真壁瑞希,月村手毬,境界を超える絆,,
春日未来,真壁瑞希,藤田ことね,境界を超える絆,,
春日未来,真壁瑞希,紫雲清夏,境界を超える絆,,
最上静香,伊吹翼,櫻木真乃,境界を超える絆,,
最上静香,伊吹翼,風野灯織,境界を超える絆,,
最上静香,伊吹翼,八宮めぐる,Spring Constellations,,
最上静香,伊吹翼,小宮果穂,Spring Constellations,,
最上静香,伊吹翼,花海咲季,境界を超える絆,,
最上静香,伊吹翼,月村手毬,境界を超える絆,,
最上静香,伊吹翼,藤田ことね,境界を超える絆,,
最上静香,伊吹翼,紫雲清夏,境界を超える絆,,
最上静香,真壁瑞希,櫻木真乃,境界を超える絆,,
最上静香,真壁瑞希,風野灯織,境界を超える絆,,
最上静香,真壁瑞希,八宮めぐる,境界を超える絆,,
最上静香,真壁瑞希,小宮果穂,境界を超える絆,,
最上静香,真壁瑞希,花海咲季,境界を超える絆,,
最上静香,真壁瑞希,月村手毬,境界を超える絆,,
最上静香,真壁瑞希,藤田ことね,境界を超える絆,,
最上静香,真壁瑞希,紫雲清夏,境界を超える絆,,
伊吹翼,真壁瑞希,櫻木真乃,境界を超える絆,,
伊吹翼,真壁瑞希,風野灯織,境界を超える絆,,
伊吹翼,真壁瑞希,八宮めぐる,境界を超える絆,,
伊吹翼,真壁瑞希,小宮果穂,境界を超える絆,,
伊吹翼,真壁瑞希,花海咲季,境界を超える絆,,
伊吹翼,真壁瑞希,月村手毬,境界を超える絆,,
伊吹翼,真壁瑞希,藤田ことね,境界を超える絆,,
伊吹翼,真壁瑞希,紫雲清夏,境界を超える絆,,
春日未来,櫻木真乃,風野灯織,境界を超える絆,,
春日未来,櫻木真乃,八宮めぐる,境界を超える絆,,
春日未来,櫻木真乃,小宮果穂,境界を超える絆,,
春日未来,風野灯織,八宮めぐる,境界を超える絆,,
春日未来,風野灯織,小宮果穂,境界を超える絆,,
春日未来,八宮めぐる,小宮果穂,Spring Constellations,,
春日未来,櫻木真乃,花海咲季,Brilliant World,,
春日未来,櫻木真乃,月村手毬,境界を超える絆,,
春日未来,櫻木真乃,藤田ことね,境界を超える絆,,
春日未来,櫻木真乃,紫雲清夏,境界を超える絆,,
春日未来,風野灯織,花海咲季,境界を超える絆,,
春日未来,風野灯織,月村手毬,境界を超える絆,,
春日未来,風野灯織,藤田ことね,境界を超える絆,,
春日未来,風野灯織,紫雲清夏,境界を超える絆,,
春日未来,八宮めぐる,花海咲季,境界を超える絆,,
春日未来,八宮めぐる,月村手毬,境界を超える絆,,
春日未来,八宮めぐる,藤田ことね,BLOOD TYPE O,,
春日未来,八宮めぐる,紫雲清夏,BLOOD TYPE O,,
春日未来,小宮果穂,花海咲季,境界を超える絆,,
春日未来,小宮果穂,月村手毬,境界を超える絆,,
春日未来,小宮果穂,藤田ことね,境界を超える絆,,
春日未来,小宮果穂,紫雲清夏,境界を超える絆,,
春日未来,花海咲季,月村手毬,境界を超える絆,,
春日未来,花海咲季,藤田ことね,境界を超える絆,,
春日未来,花海咲季,紫雲清夏,境界を超える絆,,
春日未来,月村手毬,藤田ことね,境界を超える絆,,
春日未来,月村手毬,紫雲清夏,境界を超える絆,,
春日未来,藤田ことね,紫雲清夏,BLOOD TYPE O,,
最上静香,櫻木真乃,風野灯織,BLOOD TYPE A,,
最上静香,櫻木真乃,八宮めぐる,境界を超える絆,,
最上静香,櫻木真乃,小宮果穂,BLOOD TYPE A,,
最上静香,風野灯織,八宮めぐる,境界を超える絆,,
最上静香,風野灯織,小宮果穂,BLOOD TYPE A,,
最上静香,八宮めぐる,小宮果穂,Spring Constellations,,
最上静香,櫻木真乃,花海咲季,BLOOD TYPE A,,
最上静香,櫻木真乃,月村手毬,境界を超える絆,,
最上静香,櫻木真乃,藤田ことね,境界を超える絆,,
最上静香,櫻木真乃,紫雲清夏,境界を超える絆,,
最上静香,風野灯織,花海咲季,BLOOD TYPE A,,
最上静香,風野灯織,月村手毬,Fantasy Scenery,,
最上静香,風野灯織,藤田ことね,境界を超える絆,,
最上静香,風野灯織,紫雲清夏,境界を超える絆,,
最上静香,八宮めぐる,花海咲季,境界を超える絆,,
最上静香,八宮めぐる,月村手毬,境界を超える絆,,
最上静香,八宮めぐる,藤田ことね,境界を超える絆,,
最上静香,八宮めぐる,紫雲清夏,境界を超える絆,,
最上静香,小宮果穂,花海咲季,BLOOD TYPE A,,
最上静香,小宮果穂,月村手毬,境界を超える絆,,
最上静香,小宮果穂,藤田ことね,境界を超える絆,,
最上静香,小宮果穂,紫雲清夏,境界を超える絆,,
最上静香,花海咲季,月村手毬,境界を超える絆,,
最上静香,花海咲季,藤田ことね,境界を超える絆,,
最上静香,花海咲季,紫雲清夏,境界を超える絆,,
最上静香,月村手毬,藤田ことね,境界を超える絆,,
最上静香,月村手毬,紫雲清夏,境界を超える絆,,
最上静香,藤田ことね,紫雲清夏,境界を超える絆,,
伊吹翼,櫻木真乃,風野灯織,境界を超える絆,,
伊吹翼,櫻木真乃,八宮めぐる,境界を超える絆,,
伊吹翼,櫻木真乃,小宮果穂,境界を超える絆,,
伊吹翼,風野灯織,八宮めぐる,境界を超える絆,,
伊吹翼,風野灯織,小宮果穂,境界を超える絆,,
伊吹翼,八宮めぐる,小宮果穂,Spring Constellations,Birth of July,
伊吹翼,櫻木真乃,花海咲季,境界を超える絆,,
伊吹翼,櫻木真乃,月村手毬,境界を超える絆,,
伊吹翼,櫻木真乃,藤田ことね,境界を超える絆,,
伊吹翼,櫻木真乃,紫雲清夏,境界を超える絆,,
伊吹翼,風野灯織,花海咲季,境界を超える絆,,
伊吹翼,風野灯織,月村手毬,境界を超える絆,,
伊吹翼,風野灯織,藤田ことね,境界を超える絆,,
伊吹翼,風野灯織,紫雲清夏,境界を超える絆,,
伊吹翼,八宮めぐる,花海咲季,境界を超える絆,,
伊吹翼,八宮めぐる,月村手毬,境界を超える絆,,
伊吹翼,八宮めぐる,藤田ことね,Dazzling Garden,,
伊吹翼,八宮めぐる,紫雲清夏,境界を超える絆,,
伊吹翼,小宮果穂,花海咲季,境界を超える絆,,
伊吹翼,小宮果穂,月村手毬,境界を超える絆,,
伊吹翼,小宮果穂,藤田ことね,境界を超える絆,,
伊吹翼,小宮果穂,紫雲清夏,境界を超える絆,,
伊吹翼,花海咲季,月村手毬,境界を超える絆,,
伊吹翼,花海咲季,藤田ことね,境界を超える絆,,
伊吹翼,花海咲季,紫雲清夏,左の手に宿る才,,
伊吹翼,月村手毬,藤田ことね,境界を超える絆,,
伊吹翼,月村手毬,紫雲清夏,境界を超える絆,,
伊吹翼,藤田ことね,紫雲清夏,境界を超える絆,,
真壁瑞希,櫻木真乃,風野灯織,ハイスクールガールズ,,
真壁瑞希,櫻木真乃,八宮めぐる,ハイスクールガールズ,,
真壁瑞希,櫻木真乃,小宮果穂,境界を超える絆,,
真壁瑞希,風野灯織,八宮めぐる,ハイスクールガールズ,,
真壁瑞希,風野灯織,小宮果穂,境界を超える絆,,
真壁瑞希,八宮めぐる,小宮果穂,境界を超える絆,,
真壁瑞希,櫻木真乃,花海咲季,ハイスクールガールズ,,
真壁瑞希,櫻木真乃,月村手毬,ハイスクールガールズ,,
真壁瑞希,櫻木真乃,藤田ことね,ハイスクールガールズ,,
真壁瑞希,櫻木真乃,紫雲清夏,ハイスクールガールズ,,
真壁瑞希,風野灯織,花海咲季,ハイスクールガールズ,Autumn Constellations,
真壁瑞希,風野灯織,月村手毬,ハイスクールガールズ,,
真壁瑞希,風野灯織,藤田ことね,ハイスクールガールズ,,
真壁瑞希,風野灯織,紫雲清夏,ハイスクールガールズ,,
真壁瑞希,八宮めぐる,花海咲季,ハイスクールガールズ,,
真壁瑞希,八宮めぐる,月村手毬,ハイスクールガールズ,,
真壁瑞希,八宮めぐる,藤田ことね,ハイスクールガールズ,,
真壁瑞希,八宮めぐる,紫雲清夏,ハイスクールガールズ,,
真壁瑞希,小宮果穂,花海咲季,境界を超える絆,,
真壁瑞希,小宮果穂,月村手毬,境界を超える絆,,
真壁瑞希,小宮果穂,藤田ことね,境界を超える絆,,
真壁瑞希,小宮果穂,紫雲清夏,境界を超える絆,,
真壁瑞希,花海咲季,月村手毬,ハイスクールガールズ,,
真壁瑞希,花海咲季,藤田ことね,ハイスクールガールズ,,
真壁瑞希,花海咲季,紫雲清夏,ハイスクールガールズ,,
真壁瑞希,月村手毬,藤田ことね,ハイスクールガールズ,,
真壁瑞希,月村手毬,紫雲清夏,ハイスクールガールズ,,
真壁瑞希,藤田ことね,紫雲清夏,ハイスクールガールズ,,
櫻木真乃,風野灯織,八宮めぐる,空へはばたく雛鳥,ハイスクールガールズ,
櫻木真乃,風野灯織,小宮果穂,空へはばたく雛鳥,BLOOD TYPE A,
櫻木真乃,八宮めぐる,小宮果穂,空へはばたく雛鳥,,
風野灯織,八宮めぐる,小宮果穂,空へはばたく雛鳥,,
櫻木真乃,風野灯織,花海咲季,ハイスクールガールズ,BLOOD TYPE A,
櫻木真乃,風野灯織,月村手毬,ハイスクールガールズ,,
櫻木真乃,風野灯織,藤田ことね,ハイスクールガールズ,,
櫻木真乃,風野灯織,紫雲清夏,ハイスクールガールズ,,
櫻木真乃,八宮めぐる,花海咲季,ハイスクールガールズ,,
櫻木真乃,八宮めぐる,月村手毬,ハイスクールガールズ,,
櫻木真乃,八宮めぐる,藤田ことね,ハイスクールガールズ,,
櫻木真乃,八宮めぐる,紫雲清夏,ハイスクールガールズ,,
櫻木真乃,小宮果穂,花海咲季,BLOOD TYPE A,,
櫻木真乃,小宮果穂,月村手毬,境界を超える絆,,
櫻木真乃,小宮果穂,藤田ことね,境界を超える絆,,
櫻木真乃,小宮果穂,紫雲清夏,境界を超える絆,,
風野灯織,八宮めぐる,花海咲季,ハイスクールガールズ,,
風野灯織,八宮めぐる,月村手毬,ハイスクールガールズ,,
風野灯織,八宮めぐる,藤田ことね,ハイスクールガールズ,,
風野灯織,八宮めぐる,紫雲清夏,ハイスクールガールズ,,
風野灯織,小宮果穂,花海咲季,BLOOD TYPE A,,
風野灯織,小宮果穂,月村手毬,境界を超える絆,,
風野灯織,小宮果穂,藤田ことね,境界を超える絆,,
風野灯織,小宮果穂,紫雲清夏,境界を超える絆,,
八宮めぐる,小宮果穂,花海咲季,境界を超える絆,,
八宮めぐる,小宮果穂,月村手毬,境界を超える絆,,
八宮めぐる,小宮果穂,藤田ことね,境界を超える絆,,
八宮めぐる,小宮果穂,紫雲清夏,境界を超える絆,,
櫻木真乃,花海咲季,月村手毬,ハイスクールガールズ,,
櫻木真乃,花海咲季,藤田ことね,ハイスクールガールズ,Birth of April,百花繚乱
櫻木真乃,花海咲季,紫雲清夏,ハイスクールガールズ,,
櫻木真乃,月村手毬,藤田ことね,ハイスクールガールズ,Winter Constellations,
櫻木真乃,月村手毬,紫雲清夏,ハイスクールガールズ,,
櫻木真乃,藤田ことね,紫雲清夏,ハイスクールガールズ,,
風野灯織,花海咲季,月村手毬,ハイスクールガールズ,,
風野灯織,花海咲季,藤田ことね,ハイスクールガールズ,,
風野灯織,花海咲季,紫雲清夏,ハイスクールガールズ,,
風野灯織,月村手毬,藤田ことね,ハイスクールガールズ,,
風野灯織,月村手毬,紫雲清夏,ハイスクールガールズ,,
風野灯織,藤田ことね,紫雲清夏,ハイスクールガールズ,,
八宮めぐる,花海咲季,月村手毬,ハイスクールガールズ,,
八宮めぐる,花海咲季,藤田ことね,ハイスクールガールズ,,
八宮めぐる,花海咲季,紫雲清夏,ハイスクールガールズ,,
八宮めぐる,月村手毬,藤田ことね,ハイスクールガールズ,,
八宮めぐる,月村手毬,紫雲清夏,ハイスクールガールズ,,
八宮めぐる,藤田ことね,紫雲清夏,ハイスクールガールズ,BLOOD TYPE O,
小宮果穂,花海咲季,月村手毬,境界を超える絆,,
小宮果穂,花海咲季,藤田ことね,境界を超える絆,,
小宮果穂,花海咲季,紫雲清夏,境界を超える絆,,
小宮果穂,月村手毬,藤田ことね,境界を超える絆,,
小宮果穂,月村手毬,紫雲清夏,境界を超える絆,,
小宮果穂,藤田ことね,紫雲清夏,境界を超える絆,,
花海咲季,月村手毬,藤田ことね,ハイスクールガールズ,光を目指す星たち,
花海咲季,月村手毬,紫雲清夏,ハイスクールガールズ,光を目指す星たち,
花海咲季,藤田ことね,紫雲清夏,ハイスクールガールズ,光を目指す星たち,
月村手毬,藤田ことね,紫雲清夏,ハイスクールガールズ,光を目指す星たち,
